station_a,station_b,num_trains
FM,HPG,76
FM,NSVP,40
HPG,YKA,111
YKA,DQR,111
DQR,MXT,112
MXT,KCG,104
KCG,VAR,100
VAR,JOO,104
JOO,ATC,104
ATC,STPD,104
STPD,SC,76
STPD,LGDH,22
SC,JET,128
SC,LGDH,25
SC,MLY,83
SC,BZA,1
JET,SJVP,137
SJVP,BMT,133
SJVP,NLRD,4
BMT,NCHS,165
BMT,NLRD,102
BMT,YG,2
BMT,RC,2
NCHS,FNB,164
NCHS,SNF,1
FNB,SNF,162
FNB,BTNR,2
SNF,BTNR,163
BTNR,BRBD,165
BRBD,HTCY,165
HTCY,HFZ,165
HFZ,CDNR,165
CDNR,LPI,111
PNQ,TCR,164
PNQ,AMLR,12
PNQ,MGK,155
TCR,OLR,161
AMLR,GUV,6
PBR,RWO,12
PBR,JAM,1
RWO,RNBD,24
RNBD,SKR,24
SKR,WSJ,24
WSJ,BNVD,16
WSJ,KTLA,6
BNVD,GOP,14
GOP,LPJ,14
LPJ,KNLS,13
KNLS,PPLI,40
KNLS,MDPR,28
PPLI,LKBL,40
LKBL,JAM,39
LKBL,HAPA,1
JAM,HAPA,42
HAPA,ALB,49
ALB,WTJ,52
WTJ,JALD,50
WTJ,HM,2
JALD,CX,44
JALD,HM,6
CX,PDH,48
CX,HM,4
PDH,KHDI,52
PDH,HM,4
KHDI,RJT,51
RJT,BLWR,68
RJT,BKNG,20
BLWR,KHC,70
KHC,KNKT,70
KNKT,SDD,70
SDD,AXA,70
AXA,WKRC,70
WKRC,WKR,70
WKR,LXR,72
WKR,MVI,2
LXR,DL,72
DL,LMC,72
LMC,THAN,72
THAN,VD,72
VD,RA,72
RA,MOL,72
MOL,DXR,72
DXR,CJR,72
CJR,SUNR,72
SUNR,BLRD,75
BLRD,LTR,78
LTR,LPR,70
LTR,SRGT,18
LTR,VG,10
LPR,SR,70
SR,KHRS,70
KHRS,VNRD,70
VNRD,VG,69
VG,JKA,93
VG,JN,16
VG,JKS,4
JKA,VCN,94
VCN,CE,94
CE,WSE,94
WSE,SAU,94
SAU,GGM,94
GGM,ABD,94
ABD,SBI,82
ABD,SBT,10
ABD,ADI,1
MB,KGF,142
MB,HRH,77
MB,GOT,3
MB,LPB,88
MB,RMR,2
MB,MCV,24
MB,AII,2
MB,ANVT,1
MB,KGM,1
MB,BSB,2
MB,PLS,2
MB,LDP,1
MB,SCC,1
SBI,SBT,149
SBI,ADI,53
SBI,KLRD,8
SBI,KHD,9
SBI,CLDY,1
SBT,ADI,96
SBT,KLRD,64
SBT,CLDY,2
SBT,KHD,6
SBT,KLL,2
ADI,MAN,144
ADI,BRC,1
ADI,NEP,1
ADI,KEB,1
ADI,ASV,7
ADI,CLDY,1
ADI,BIM,1
ADI,LGH,1
KLRD,CDK,72
CDK,CLDY,63
CDK,KHD,8
CDK,SHRD,1
CLDY,KHD,54
CLDY,SHRD,1
KHD,SHRD,73
KHD,KLL,4
SHRD,KLL,75
KLL,CTRL,69
KLL,EN,8
KLL,AJM,10
KLL,JUL,2
CTRL,EN,65
CTRL,KADI,4
EN,PN,73
PN,JUL,73
JUL,GUS,68
JUL,DNW,7
GUS,DNW,68
DNW,KYSD,68
DNW,UMN,7
KYSD,UMN,68
UMN,JDN,74
UMN,MSH,1
JDN,SXS,68
JDN,MSH,6
SXS,MSH,62
MSH,BHU,62
MSH,LCH,4
MSH,PHC,6
BHU,UJA,62
UJA,KMLI,62
KMLI,SID,62
SID,DRW,62
DRW,CHP,62
CHP,UM,62
UM,PNU,62
PNU,KRJD,60
PNU,CDQ,7
KRJD,CTT,60
CTT,JTY,60
JTY,IQG,60
IQG,SZA,60
SZA,SIM,60
SIM,MAA,60
MAA,ABR,60
ABR,MXO,60
MXO,KWI,60
KWI,BMN,60
BMN,SRPJ,60
SRPJ,BNS,60
BNS,SOH,60
SOH,KVJ,60
KVJ,NANA,60
NANA,KTR,60
KTR,MOI,60
MOI,JWB,60
JWB,BRLY,60
BRLY,FA,60
FA,KZQ,60
KZQ,RANI,60
RANI,BGPR,60
BGPR,JAL,60
JAL,SOS,60
SOS,BWA,60
BWA,BGG,60
BGG,AUWA,60
AUWA,MJ,60
MJ,DRS,38
MJ,RKZ,26
MJ,MRWS,2
DRS,BFY,38
BFY,SOD,38
SOD,BQN,38
BQN,BGX,38
BGX,CNL,38
CNL,GRI,38
GRI,HP,38
HP,BAR,38
BAR,SEU,38
SEU,APA,38
APA,BER,38
BER,PPF,39
PPF,KRW,40
KRW,LNA,40
LNA,MLI,40
MLI,MKRA,40
MKRA,SDH,40
SDH,DOZ,40
DOZ,AII,34
AII,MD,52
AII,AHO,16
AII,COR,1
AII,DLI,1
MD,LR,65
LR,GEK,65
GEK,KSG,65
KSG,TL,65
TL,GLTA,65
GLTA,SALI,65
SALI,SK,65
SK,NRI,65
NRI,FL,65
FL,HDA,100
FL,SBR,40
FL,PKBS,5
HDA,DHND,101
DHND,JOB,101
JOB,BOBS,101
BOBS,SHNX,101
SHNX,DNK,101
DNK,KKU,101
KKU,JP,91
KKU,GADJ,1
JP,GADJ,72
JP,BSGD,31
JP,RMA,2
JP,DKBJ,9
JP,RE,1
GADJ,GTJT,79
GTJT,KWP,79
KWP,KUT,79
KUT,BAI,79
BAI,JHIR,79
JHIR,BSKO,79
BSKO,JW,79
JW,BNDN,79
BNDN,DO,79
DO,BAK,79
BAK,KVGM,79
KVGM,ARNA,79
ARNA,BKI,79
BKI,GLNA,52
BKI,SHGN,31
GLNA,BU,53
BU,SRRG,53
SRRG,RHG,53
RHG,DGW,53
DGW,MKH,53
MKH,MWW,53
MWW,AWR,53
AWR,PSL,53
AWR,OTD,5
PSL,GAL,53
GAL,KRH,53
KRH,HSI,53
HSI,KNAR,53
KNAR,AIA,53
AIA,MJNL,53
MJNL,BWL,53
BWL,KNGT,53
KNGT,RE,52
KNGT,KGBS,1
RE,KWMD,61
RE,KGBS,16
RE,NNU,11
RE,KORI,5
KWMD,KIP,71
KIP,IHP,71
IHP,PTRD,71
PTRD,JSKA,71
JSKA,PT,71
PT,GHH,71
GHH,BDXT,75
GHH,FN,2
BDXT,GGN,75
GGN,BWSN,75
BWSN,SMDP,75
SMDP,PM,75
PM,DEC,75
DEC,KRTN,61
DEC,DLI,9
DEC,DSA,1
DEC,PTNR,2
KRTN,PTNR,75
KRTN,NRVR,14
PTNR,DBSI,75
PTNR,DEE,2
DBSI,DEE,87
DBSI,SSB,58
DBSI,VVKP,23
DBSI,NDAZ,4
DBSI,DKZ,1
DEE,DKZ,73
DKZ,DSB,83
DKZ,VVKP,23
DKZ,DLI,11
DSB,DLI,39
DSB,NDLS,78
DSB,SZM,54
DSB,CSB,5
DLI,DSA,84
DLI,SZM,22
DLI,VVB,1
DLI,HRS,1
DLI,CDL,1
DSA,VVB,103
DSA,BHHZ,16
DSA,VVKP,3
DSA,SBB,1
VVB,SBB,103
SBB,GZB,280
SBB,CNJ,172
SBB,VVKP,3
SBB,ANVT,2
GZB,MFH,97
GZB,MIU,126
GZB,GZN,55
GZB,MUD,2
MFH,AKNR,98
AKNR,DS,98
DS,PKW,98
PKW,KKMB,98
KKMB,HPU,97
HPU,BBO,99
HPU,KALI,10
HPU,HZR,12
BBO,QXR,100
QXR,GMS,99
QXR,SMBL,1
GMS,SMBL,123
SMBL,GGB,100
GGB,KHE,100
KHE,GJL,100
GJL,MHHR,99
GJL,SEPR,12
MHHR,KFPR,100
KFPR,AMRO,100
AMRO,KIV,100
KIV,CKLT,100
CKLT,HKP,100
HKP,LDP,100
LDP,LPB,98
LPB,KGF,6
KGF,KGFR,154
KGF,DLP,2
KGF,HRH,1
KGFR,DLP,144
KGFR,GOT,10
DLP,MPH,146
MPH,RMU,146
RMU,SAR,138
RMU,KEMR,14
RMU,CHRU,2
SAR,DAM,138
DAM,DUN,138
DUN,MIL,138
MIL,NRS,138
NRS,DAN,138
DAN,BTO,138
BTO,PKRA,138
PKRA,CBJ,138
CBJ,BC,122
CBJ,BE,14
BC,BE,122
BC,BRY,20
BC,IZN,28
BE,CHTI,148
BE,RGB,17
BE,SCC,2
CHTI,RYS,157
CHTI,RGB,2
RYS,PMR,157
PMR,TSA,157
TSA,BLPU,157
BLPU,KSRK,151
BLPU,MK,6
KSRK,MK,151
MK,TLH,156
MK,BHDH,1
TLH,BHDH,156
TLH,BSB,1
BHDH,BTRA,157
BTRA,SPN,156
BTRA,ROZA,1
SPN,ROZA,149
SPN,SXK,5
SPN,KGM,1
SPN,SCC,4
ROZA,KH,146
ROZA,UCH,11
ROZA,SXK,7
KH,AIG,146
AIG,AJI,146
AJI,SHRM,146
SHRM,TDP,146
TDP,BEG,146
BEG,KUF,146
KUF,HRI,146
HRI,KAR,146
KAR,MST,146
MST,BGH,146
BGH,BLM,145
BLM,DLQ,143
BLM,GNTR,2
BLM,GSGJ,3
BLM,GAJU,3
DLQ,UTA,144
UTA,SAN,142
UTA,RBD,2
SAN,RBD,142
SAN,ALD,2
RBD,DIL,144
DIL,MLD,144
MLD,KKJ,144
KKJ,AMG,144
AMG,LKO,135
AMG,LJN,1
LKO,ML,84
LKO,UTR,102
LKO,LJN,69
LKO,MKG,3
LKO,ZBD,2
LKO,SHG,1
LKO,GD,1
ML,JRR,129
ML,GTNR,48
ML,SFH,4
JRR,SFH,129
SFH,BBK,133
BBK,JBR,80
BBK,RES,53
JBR,RFR,80
RFR,BUR,80
BUR,BUW,80
BUW,CKG,92
BUW,SDAM,9
BUW,SHC,1
CKG,GHT,93
GHT,JLD,93
JLD,SUJ,93
SUJ,CLJ,93
CLJ,KSR,93
KSR,MIR,93
MIR,KTHL,93
KTHL,GDK,93
GDK,GD,89
GD,BRCK,92
GD,SUBR,5
GD,GADM,6
GD,PDR,1
GD,SCC,2
GD,BGAN,2
BRCK,MOTG,96
MOTG,JLHI,96
JLHI,MUR,96
MUR,LKNR,100
MUR,TRE,15
LKNR,MSW,100
MSW,SNC,100
SNC,BNGY,100
BNGY,BV,100
BV,GAUR,100
GAUR,TH,100
TH,GOVR,100
GOVR,BST,100
BST,MND,94
BST,ORW,6
MND,CRV,100
MND,ORW,6
CRV,KLD,100
KLD,MHH,100
MHH,SWA,93
MHH,SIPR,7
SWA,JTB,100
SWA,SIPR,7
JTB,DMG,100
DMG,GKP,83
GKP,GKC,91
GKP,JEA,7
GKP,SCC,1
GKC,UNLA,29
GKC,KHM,86
UNLA,PPC,29
PPC,MUUA,29
MUUA,BBW,29
BBW,CPJ,29
CPJ,KSNR,29
KSNR,GH,29
GH,SBZ,29
SBZ,GRRG,29
GRRG,KZA,29
KZA,PNYA,29
PNYA,VKNR,28
PNYA,MKI,1
VKNR,AWS,28
AWS,BUG,28
BUG,KPB,28
KPB,BRU,28
BRU,HIR,28
HIR,CAMU,28
CAMU,NKE,27
NKE,SAHI,28
NKE,GKA,3
NKE,AMO,3
SAHI,CAI,32
CAI,KUMB,32
KUMB,BTH,32
BTH,MJL,32
MJL,SGL,31
SGL,SRA,39
SGL,RGH,18
SRA,BMKI,39
BMKI,MKI,38
MKI,JDR,38
JDR,PPA,38
PPA,CAA,38
CAA,HRNG,38
HRNG,MAI,38
MAI,MHL,37
MAI,MTR,1
MHL,MTR,37
MTR,NRV,38
NRV,KTI,38
KTI,KVC,38
KVC,MFP,29
R,SRWN,110
R,WRC,100
R,MNDH,22
SRWN,SZB,113
SRWN,KMI,1
SZB,KMI,114
SZB,URK,1
KMI,DBEC,115
DBEC,BIA,108
DBEC,DURG,7
BIA,BPHB,108
BPHB,BQR,108
BQR,DURG,95
DURG,RSM,84
DURG,MUP,1
DURG,MXA,3
RSM,MUP,84
MUP,PMS,84
MUP,RJN,1
PMS,RJN,84
RJN,BAKL,84
RJN,MUA,1
BAKL,MUA,84
MUA,JTR,85
JTR,DGG,85
DGG,PJB,85
PJB,BTL,85
BTL,DKS,85
DKS,SKS,85
SKS,DNL,84
SKS,AGN,1
DNL,AGN,84
AGN,GDM,85
GDM,G,82
G,GJ,76
G,HDM,9
GJ,KWN,79
KWN,TRO,79
TRO,MNU,79
MNU,TMR,79
TMR,KOKA,80
TMR,TMS,3
TMR,BRD,1
KOKA,BRD,80
BRD,KHAT,81
KHAT,RRL,81
RRL,TAR,81
TAR,CHCR,81
CHCR,SAL,81
SAL,KNHN,81
KNHN,KP,87
KNHN,RTK,2
KNHN,DKU,1
KP,KAV,87
KAV,ITR,65
KAV,NGP,17
GMO,MRQ,68
GMO,NMG,91
GMO,TELO,29
GMO,KNF,1
GMO,KHRI,1
GMO,MHQ,8
GMO,KARO,1
MRQ,NPJE,71
NPJE,TET,71
TET,BHN,71
BHN,DHN,65
DHN,PKA,16
DHN,DOKM,77
DHN,KDS,29
PKA,CAM,94
PKA,DOKM,83
PKA,RKJE,10
CAM,KAO,94
KAO,TNW,94
TNW,MMU,94
MMU,KMME,94
KMME,BRR,94
BRR,ULT,94
ULT,STN,92
ULT,SLS,2
STN,BCQ,185
STN,SLS,117
BCQ,ASN,172
RBL,RUM,44
RBL,GANG,59
RBL,DYP,23
RUM,FTG,46
FTG,JAIS,46
JAIS,KCJ,46
KCJ,BANI,46
BANI,GNG,46
GNG,TLKH,46
TLKH,AME,46
AME,MFL,46
MFL,SHJP,46
SHJP,ANTU,45
SHJP,CIL,1
ANTU,JGJ,45
JGJ,CIL,45
CIL,PBH,50
CIL,KDF,10
PBH,VPO,20
PBH,PHV,25
VPO,BTJ,20
BTJ,DHRJ,20
DHRJ,MEM,20
MEM,SWE,20
SWE,PFM,20
PFM,PRG,63
PFM,SPGL,21
PFM,SYC,24
PFM,THW,4
PRG,ALD,49
ALD,NYN,200
ALD,SFG,134
ALD,ALY,30
ALD,IDGJ,3
ALD,COI,3
ALD,TIL,2
NYN,IDGJ,77
NYN,COI,145
IDGJ,JSR,107
IDGJ,COI,25
JSR,MFX,107
MFX,LOG,107
LOG,SRJ,107
SRJ,MJHR,107
MJHR,BRG,107
BRG,KTDD,107
KTDD,DBR,107
DBR,PNHI,107
PNHI,MKP,107
MKP,BNSP,104
MKP,BIP,22
BNSP,BQF,106
BQF,MKD,107
BQF,BIP,1
MKD,TKYR,107
TKYR,MJG,107
MJG,CTHR,107
CTHR,KTHA,107
KTHA,JTW,107
JTW,HATI,107
HATI,SAGM,107
SAGM,STA,105
STA,LGCE,113
STA,BGHI,2
STA,KMA,8
STA,TZR,2
LGCE,UHR,115
UHR,MYR,115
MYR,BUU,115
BUU,UDR,115
UDR,PKRD,115
PKRD,JKE,115
JKE,PTWA,115
PTWA,KTE,114
KTE,MDRR,109
KTE,NKJ,20
KTE,KMZ,19
KTE,MJGP,1
MDRR,NWR,117
MDRR,NKJ,5
MDRR,JLW,1
NWR,SNRR,117
SNRR,SBD,117
SBD,DDCE,117
DDCE,SHR,117
SHR,GSPR,117
GSPR,DOE,117
DOE,ADTL,111
DOE,JBP,6
ADTL,JBP,96
ADTL,HBG,3
JBP,HBG,69
JBP,MML,37
JBP,NIR,1
JBP,NDLS,1
HBG,MML,72
HBG,GRG,14
MML,KEQ,109
KEQ,BRGT,109
BRGT,BHTN,109
BHTN,BMR,109
BMR,SRID,109
SRID,KKB,109
KKB,BELD,109
BELD,GPC,109
GPC,NU,109
NU,KY,109
KY,KFY,109
KFY,BNE,109
BNE,GAR,109
GAR,SCKR,109
SCKR,JHT,109
JHT,BKH,109
BKH,PPI,109
PPI,SXF,109
SXF,SGP,109
SGP,GMD,109
GMD,BGTA,109
BGTA,SQL,109
SQL,GRO,109
GRO,ET,105
ET,DRA,135
ET,PRKD,189
ET,KRTH,131
DRA,KTZ,137
KTZ,DKI,137
DKI,BPF,137
BPF,BIF,137
BIF,PGL,137
PGL,CGO,137
CGO,TBN,137
TBN,CRK,137
CRK,HD,137
HD,PAL,137
PAL,MUO,137
MUO,BRI,137
BRI,KRO,137
KRO,KKN,137
KKN,DRHI,137
DRHI,BRUD,137
BRUD,CAER,137
CAER,SGBJ,65
CAER,KHA,67
CAER,TLV,5
SGBJ,MTA,127
SGBJ,KHA,67
SGBJ,TLV,5
MTA,KNW,134
MTA,TLV,12
MTA,BMA,1
KNW,BMA,136
KNW,ANI,9
KNW,MRDD,8
KNW,TLV,6
KNW,BSL,1
BMA,KDK,137
KDK,DGN,137
DGN,MWA,137
MWA,NPNR,137
NPNR,CDI,137
CDI,AGQ,137
AGQ,BAU,137
BAU,WGA,137
WGA,RV,137
RV,NB,137
NB,SAV,137
SAV,DSK,137
DSK,BSL,130
DSK,VNA,4
BSL,BDI,209
BSL,VNA,81
BDI,TRW,214
TRW,JL,214
JL,SS,177
JL,PLD,45
SS,MWD,177
MWD,MYJ,177
MYJ,PHQ,177
PHQ,PC,177
PC,GAA,177
GAA,NGD,177
NGD,KJ,177
KJ,VGL,177
VGL,CSN,177
CSN,HPR,179
CSN,BFJ,5
HPR,RHNE,179
RHNE,NI,179
NI,PKE,179
PKE,NGN,179
NGN,PJN,179
PJN,HSL,179
HSL,PNV,179
PNV,MMR,179
MMR,SUM,137
MMR,ANK,103
MMR,IGP,1
MMR,NSL,1
MMR,YL,1
SUM,LS,141
LS,UGN,141
UGN,NR,141
NR,KBSN,141
KBSN,KW,141
KW,ODHA,141
ODHA,NK,141
NK,DVL,140
DVL,LT,139
LT,AV,139
AV,GO,139
GO,IGP,138
IGP,KSRA,138
KSRA,KE,138
KE,ATG,138
ATG,ASO,138
ASO,VSD,138
VSD,KDV,138
KDV,TLA,138
TLA,ABY,138
ABY,SHAD,138
SHAD,KYN,138
KYN,THK,239
KYN,VLDI,101
THK,DI,239
DI,KOPR,237
DI,DTVL,2
KOPR,DIVA,195
KOPR,BIRD,60
KOPR,DTVL,21
KOPR,PNVL,1
DIVA,TNA,66
DIVA,MBQ,147
DIVA,DTVL,24
TNA,MLND,213
TNA,KLVA,147
MLND,NHU,213
NHU,BND,213
BND,KJMG,213
KJMG,VK,213
VK,GC,213
GC,VVH,213
VVH,CLA,32
VVH,LTT,135
BAJE,SBHR,5
BAJE,KDBA,6
SBHR,YDK,4
KDBA,YDM,6
YDM,KNYR,6
KNYR,NRJ,6
NRJ,KBPR,6
KBPR,BNTL,8
BNTL,MAJN,10
MAJN,MAQ,7
MAJN,TOK,43
MAJN,ULL,37
ERS,TNU,48
ERS,ERN,118
ERS,TRTR,57
TNU,KUMM,52
KUMM,AROR,52
AROR,EZP,52
EZP,TUVR,52
TUVR,VAY,52
VAY,SRTL,52
SRTL,TRVZ,52
TRVZ,MAKM,52
MAKM,KAVR,52
KAVR,TMPY,52
TMPY,ALLP,46
DRBR,SRU,5
DRBR,STZ,6
SRU,POKL,38
SRU,LRD,34
STZ,BHJ,3
BIR,KHA,4
KHA,TLV,8
ASN,BURN,36
ASN,KPK,148
ASN,SDAH,1
ASN,KOAA,2
BURN,DMA,43
DMA,MDKD,43
MDKD,MDF,43
MDF,RKI,43
RKI,BERO,43
BERO,JOC,43
JOC,ADRA,25
JOC,GRB,17
ADRA,GRB,28
ADRA,MYX,46
ADRA,SNKR,15
GRB,ANR,46
ANR,BGA,46
BGA,KSU,46
KSU,CHRA,46
CHRA,PRR,41
PRR,GTD,22
PRR,TAO,37
PRR,BJE,2
GTD,CAS,22
CAS,GUG,22
GUG,KSX,22
KSX,DRGU,60
KSX,JAA,63
KSX,BKDR,1
DRGU,PNW,60
PNW,RDF,60
RDF,BKSC,57
BNSA,TPU,4
BNSA,CKK,9
CKK,KHMA,9
KHMA,MJZ,9
MJZ,NRY,9
NRY,PBE,8
PBE,PP,10
PBE,MLN,1
PBE,MALA,2
PBE,SSC,8
PBE,DYU,6
PBE,SG,1
PBE,BJV,8
PBE,PUF,3
PBE,BFPA,1
PBE,PTPR,2
PP,DYK,23
PP,SG,9
PP,PRSP,4
DYK,KRYA,23
KRYA,SW,23
SW,ALNP,19
SW,MLN,4
ALNP,MLN,15
ALNP,BNKJ,1
MLN,BNKJ,20
MLN,RNIR,7
MLN,BIK,4
BNKJ,GK,24
GK,RZJ,14
GK,LMP,2
GK,BFV,8
RZJ,PD,22
RZJ,BFV,8
PD,DEO,22
DEO,LMP,21
LMP,KITN,20
LMP,KDPS,1
LMP,OEL,1
KITN,HA,11
KITN,OEL,7
KITN,KDPS,2
HA,JKP,19
HA,OEL,11
HA,STP,2
HA,PMM,1
JKP,STP,19
JKP,PMM,1
STP,KB,20
STP,SD,2
KB,BJLP,19
KB,KMP,3
BJLP,KMP,18
BJLP,SUIA,1
KMP,SD,15
KMP,SUIA,6
SD,AA,15
SD,SUIA,7
SD,MANW,7
SD,BKT,2
AA,IJ,22
AA,MANW,7
IJ,BKT,21
IJ,MBP,1
BKT,MBP,23
MBP,DAL,12
DAL,LC,60
DAL,BNZ,48
LC,ASH,54
BTD,LTD,18
BTD,KDI,17
BTD,SAPR,2
LTD,NGA,19
NGA,ALMR,19
ALMR,UJ,19
UJ,DLJ,19
DLJ,SOA,19
DLJ,JA,3
DLJ,DAS,2
SOA,BJUD,19
BJUD,SGD,19
SGD,SOJN,19
SOJN,KDMR,25
SOJN,KNAD,8
KDMR,VTJ,25
VTJ,NROD,25
NROD,BVP,24
BVP,BVC,12
MFP,RD,77
MFP,NRPA,78
RD,TUR,84
TUR,KHI,84
KHI,GRL,84
GRL,BNR,84
BNR,BTHL,84
BTHL,SAI,84
SAI,HJP,83
HJP,SEE,102
HJP,AYRN,27
SEE,PMU,100
PMU,NYO,103
NYO,STLR,103
STLR,DGA,103
DGA,ATNR,102
DGA,BAGL,1
ATNR,BAGL,101
ATNR,CI,1
BAGL,DRI,101
BAGL,GJH,1
DRI,GJH,99
DRI,CI,2
GJH,CPR,98
GJH,CI,1
CPR,GTST,48
CPR,KPS,64
CPR,CI,26
GTST,MHT,54
MHT,BKLA,54
BKLA,SIP,54
SIP,DCP,54
DCP,ROI,54
ROI,STW,54
STW,CATA,48
STW,BCD,6
CATA,BCD,48
BCD,BUI,53
BUI,SVI,55
SVI,PEP,58
PEP,CBN,42
PEP,CHR,14
PEP,MAU,2
CBN,TJD,42
TJD,KMDR,42
KMDR,DDD,42
DDD,YFP,42
YFP,SBK,42
SBK,GZT,41
GZT,GCT,42
GCT,AKS,42
AKS,SAHR,42
SAHR,NDJ,42
NDJ,BSCK,42
BSCK,TRN,42
TRN,SYH,42
SYH,ARJ,42
ARJ,RJI,66
ARJ,MHO,36
ARJ,DHE,1
ARJ,FRDH,1
RJI,KDQ,66
KDQ,SRNT,66
SRNT,BCY,65
BCY,BSB,60
BSB,SOP,72
BSB,KEI,84
BSB,MUV,40
BSB,CHH,27
BSB,LOT,2
SOP,BRPT,85
BRPT,BTP,85
BTP,PDRD,85
PDRD,KSF,85
KSF,TLMD,85
TLMD,JLL,85
JLL,SIQ,85
SIQ,ZBD,85
ZBD,JOP,47
ZBD,JNU,52
ZBD,KJTW,12
JOP,BKSA,47
BKSA,SVZ,47
SVZ,SKN,47
SKN,HRPG,47
HRPG,KEPR,47
KEPR,MWP,47
MWP,LBA,47
LBA,BDIN,47
BDIN,PKX,47
PKX,SLN,45
SLN,BDKN,48
SLN,PPU,10
SLN,KBE,6
SLN,DWJ,4
BDKN,SHNG,53
SHNG,MFKA,53
MFKA,AHZ,53
AHZ,NHH,53
NHH,SYW,53
SYW,AKJ,53
AKJ,CHBS,53
CHBS,HGH,53
HGH,TEG,53
TEG,CDRL,53
CDRL,RMNR,53
RMNR,APG,53
APG,UTR,49
APG,BKKS,4
UTR,MLJ,59
UTR,BKKS,4
HRH,AWP,79
AWP,MTB,79
MTB,KNT,79
KNT,MWE,79
MWE,SEO,79
SEO,CAJ,79
CAJ,DPR,79
DPR,HBW,79
HBW,PNI,79
PNI,NGG,79
NGG,BEK,79
BEK,MSDR,79
MSDR,NBD,79
NBD,FZL,85
NBD,SNX,7
NBD,CNK,1
NBD,KTW,2
NBD,MZM,1
FZL,CNK,78
FZL,MZM,21
FZL,SNX,1
CNK,BLW,81
CNK,MZM,2
BLW,RSI,81
RSI,LRJ,81
LRJ,DSNI,101
LRJ,ATMO,66
DSNI,LDR,103
DSNI,ATMO,2
LDR,DNRA,103
DNRA,RK,103
RK,IQB,103
IQB,CDL,102
IQB,SNKE,1
CDL,SNKE,102
SNKE,BAE,103
BAE,SRE,83
BAE,TPZ,16
BAE,PKY,1
SRE,PKY,86
SRE,TPZ,45
SRE,DDN,1
PKY,SSW,88
SSW,KNZ,88
KNZ,JUD,88
JUD,JUDW,88
JUDW,DZP,88
DZP,MFB,88
MFB,RAA,88
RAA,TDW,88
TDW,KES,88
KES,DOKY,88
DOKY,UMB,84
BRMP,KRMD,1
KRMD,ROU,2
ROU,BNDM,64
ROU,PPO,69
ROU,NUQ,1
ROU,ORGA,1
ROU,NXN,4
ROU,BZR,1
BNDM,DMF,2
BNDM,ORGA,1
BNDM,BZR,49
BNDM,BGKA,2
BNDM,HTE,7
BNDM,NXN,2
DMF,LTK,2
LTK,CJQ,2
CJQ,CPE,2
CPE,PSJ,2
PSJ,BUF,2
BUF,BXF,1
PTN,RUJ,4
PTN,SNHR,1
RUJ,DHJ,10
RUJ,CSMA,2
RUJ,SNHR,1
DHJ,PHC,10
BNXR,SDAH,40
BNXR,DDJ,73
SDAH,PQS,6
SDAH,DGR,1
DDJ,BLH,70
DDJ,BARN,29
DDJ,PTKR,29
DDJ,DDC,3
BLH,AGP,70
AGP,SEP,70
SEP,KDH,70
KDH,TGH,70
TGH,BP,70
BP,PTF,70
PTF,IP,70
IP,SNR,70
SNR,JGDL,70
JGDL,KNR,70
KNR,NH,70
NH,HLR,33
NH,GFAE,32
NH,BWN,5
HLR,KPA,33
KPA,KYI,32
KYI,MPJ,32
MPJ,SMX,32
SMX,PXR,32
PXR,CDH,32
CDH,PDX,32
PDX,RHA,32
RHA,BNKA,13
RHA,KLNP,21
BNKA,PNCB,13
PNCB,AG,13
AG,BHGH,13
BHGH,BHNA,13
BHNA,BGL,13
BGL,MYHT,13
MYHT,TNX,13
TNX,MIJ,13
MIJ,BPN,13
BPN,HRSR,13
HRSR,GEDE,6
HRSR,DHCA,2
KSW,PPR,51
KSW,AAS,51
PPR,SWF,49
AAS,JWL,51
JWL,BNO,51
BNO,RKB,51
RKB,JU,43
RKB,MMC,8
BXR,CSA,124
BXR,BUE,127
BXR,PWXP,1
CSA,BQW,131
CSA,PWXP,1
BQW,GMR,131
GMR,KKRH,131
KKRH,BWH,131
BWH,USK,131
USK,DLN,131
DLN,DRV,132
DRV,ZNA,133
ZNA,BHCL,133
BHCL,DHA,133
DHA,TLAM,133
TLAM,SLD,133
SLD,KCA,133
KCA,MGS,127
HWH,TPKR,91
HWH,LLH,84
HWH,MURI,1
TPKR,DSNR,154
DSNR,RMJ,154
RMJ,SRC,153
SRC,MRGM,177
SRC,PDPK,21
MRGM,ADL,180
ADL,SEL,180
SEL,ABB,180
ABB,NALR,180
NALR,BVA,180
BVA,CGA,180
CGA,FLR,180
FLR,ULB,180
ULB,BSBP,180
BSBP,KGY,180
KGY,BZN,180
BZN,GGTA,180
GGTA,DTE,180
DTE,KIG,176
DTE,MCA,3
KIG,MCA,175
MCA,NDGJ,178
NDGJ,BOP,178
BOP,NPMR,177
NPMR,PKU,156
BWN,TIT,209
BWN,GRP,181
TIT,KAN,218
KAN,JTL,79
KAN,GLI,139
JTL,BPS,79
BPS,NRX,74
BPS,GKH,5
NRX,GKH,74
GKH,PCQ,79
PCQ,BDH,79
BDH,BHP,77
BHP,PNE,75
PNE,KPLE,75
KPLE,AMP,75
AMP,BSLE,75
BSLE,SNT,75
SNT,GHLE,91
SNT,SURI,19
GHLE,MLV,91
MLV,TPF,87
MLV,RPH,4
TPF,RPH,78
CSB,NDLS,130
CSB,TKJ,197
TKJ,ANVR,116
TKJ,PGMD,77
ANVR,ANVT,132
ANVR,CNJ,12
ANVR,PGMD,28
ANVT,CNJ,146
MIU,DER,126
DER,BRKY,126
BRKY,AJR,126
AJR,DKDE,126
DKDE,WAIR,126
WAIR,CHL,126
CHL,GNRL,126
GNRL,SKQ,126
SKQ,KRJ,126
KRJ,KAMP,128
KRJ,KJY,5
KAMP,DAR,128
DAR,SOM,128
SOM,KLA,128
KLA,MWUE,128
MWUE,ALJN,127
MWUE,DAQ,1
ALJN,DAQ,134
ALJN,MZGI,10
DAQ,MXK,135
MXK,SNS,135
SNS,HRS,134
SNS,PORA,1
HRS,PORA,134
PORA,JLS,134
PORA,TDL,1
JLS,CMR,134
CMR,BRN,134
BRN,TDL,132
BRN,SWW,4
BRN,MTI,4
TDL,HNG,188
TDL,ETUE,60
TDL,MTI,4
HNG,FZD,189
FZD,MNR,189
MNR,SKB,189
SKB,KAA,185
SKB,MNQ,2
SKB,BUBT,3
KAA,BDN,185
BDN,BBL,185
BBL,JGR,185
JGR,SB,185
SB,ETW,185
ETW,EKL,185
EKL,BNT,185
BNT,SHW,185
SHW,GHSR,185
GHSR,ULD,185
ULD,PATA,185
PATA,PHD,185
PHD,KNS,185
KNS,PJY,185
PJY,JJK,185
JJK,AAP,185
AAP,RURA,185
RURA,RMW,185
RMW,MTO,185
MTO,BPU,185
BPU,PNK,185
PNK,GOY,185
GOY,CNB,207
CNB,CNBI,142
CNB,BZM,68
CNB,CPB,120
CNB,CPA,16
CNBI,CHK,143
CHK,RXM,143
RXM,SSL,143
SSL,KBN,139
SSL,PMPR,4
KBN,AUNG,143
KBN,PMPR,4
AUNG,BKO,143
BKO,KSQ,143
KSQ,MWH,143
MWH,KKS,143
KKS,FTP,142
FTP,RAMA,141
RAMA,FYZ,141
FYZ,RUB,141
RUB,SNIE,141
SNIE,KGA,141
KGA,KTCE,141
KTCE,KUW,141
KUW,ASCE,141
ASCE,SRO,141
SRO,SJT,141
SJT,BDNP,141
BDNP,BRE,141
BRE,MNJ,141
MNJ,SYWN,141
SYWN,MRE,141
MRE,BMU,141
BMU,SFG,141
COI,KCN,171
KCN,BEP,171
BEP,MJA,171
MJA,UND,171
UND,MNF,171
MNF,JIA,171
JIA,GAE,171
GAE,BEO,171
BEO,BDL,170
BDL,MZP,169
MZP,JHG,169
JHG,PRE,169
PRE,DAP,169
DAP,CAR,168
CAR,KYT,153
CAR,SKGH,17
CAR,KEI,1
CAR,LUSA,1
KYT,ARW,153
ARW,JEP,145
ARW,VYN,8
JEP,MGS,144
MGS,GAQ,105
MGS,VYN,82
GAQ,CDMR,108
CDMR,SYJ,107
CDMR,KMS,1
SYJ,KMS,107
SYJ,KOAA,1
KMS,DCX,108
DCX,DGO,108
DGO,BBU,108
BBU,MTGE,108
MTGE,PSE,108
PSE,KTQ,108
KTQ,KVD,108
KVD,SSG,108
SSG,KMGE,108
KMGE,SSM,107
SSM,KWD,104
SSM,KADH,4
KWD,PHE,104
PHE,DOS,103
DOS,SEB,114
DOS,SGRL,1
DOS,BRKA,1
SEB,AUBR,103
SEB,BSYA,19
SEB,CPBH,1
SEB,BCJ,2
AUBR,PES,104
AUBR,CPBH,1
PES,BHKH,104
BHKH,JHN,104
JHN,DORD,98
JHN,RFJ,6
DORD,RFJ,98
RFJ,IMGE,104
IMGE,GRRU,102
IMGE,PRY,2
GRRU,PRY,102
GRRU,PNBE,2
PRY,KSTA,104
KSTA,GAYA,96
GAYA,MPO,102
GAYA,CKH,27
MPO,BNF,95
MPO,KRJR,17
MPO,PMI,1
BNF,TKN,95
TKN,BNSL,95
BNSL,PRP,95
PRP,GAP,95
GAP,DLW,95
DLW,GJD,95
GJD,KQR,94
KQR,HRE,91
KQR,BKSC,4
HRE,SMND,91
SMND,YDD,91
YDD,PSB,91
PSB,HZD,91
HZD,CBH,96
CBH,CCK,91
CCK,CDB,91
CDB,PNME,91
PNME,NMG,91
KPK,RNG,158
KPK,UDL,1
RNG,UDL,152
RNG,DGR,5
RNG,RXL,1
UDL,OYR,163
UDL,KJME,15
OYR,DGR,163
DGR,RBH,139
DGR,KJME,5
DGR,KOAA,2
RBH,PAN,139
PAN,MNAE,139
MNAE,PAJ,139
PAJ,GLI,139
GRP,SKG,184
SKG,PRAE,113
SKG,PLAE,71
PRAE,CHC,113
CHC,MSAE,113
MSAE,NBAE,113
NBAE,JRAE,113
JRAE,JPQ,113
JPQ,GRAE,113
GRAE,HIH,113
HIH,SHBC,113
SHBC,DNHL,113
DNHL,BMAE,113
BMAE,PBZ,113
PBZ,CDAE,113
CDAE,MDSE,112
MDSE,KQU,113
KQU,BLAE,113
KQU,SIU,2
KQU,NKL,2
BLAE,MBE,113
MBE,BRPA,113
BRPA,BPAE,113
BPAE,JOX,113
JOX,GBRA,113
GBRA,DKAE,113
DKAE,RCD,28
DKAE,BZL,86
RCD,BLYH,29
BLYH,BLYG,29
BLYG,DAKE,29
DAKE,BARN,29
LPI,NPL,57
NLRD,KQD,106
KQD,LKPL,106
LKPL,HYB,53
HYB,RU,1
LGDH,MJF,51
MJF,DYE,40
MJF,CHZ,11
DYE,SFX,40
SFX,RKO,40
RKO,AMQ,40
AMQ,CVB,40
CVB,ALW,40
ALW,BOZ,40
BOZ,BMO,38
BMO,GOPL,36
GOPL,GDPL,34
GOPL,GWV,2
GDPL,GWV,34
GWV,MED,35
MED,DBV,34
DBV,MOB,34
MOB,PAPM,34
PAPM,BMPL,34
BMPL,ME,34
ME,SHAN,34
SHAN,WDR,34
WDR,MZL,33
MZL,AKE,32
AKE,BKU,32
BKU,THPR,32
THPR,TMD,32
TMD,KMC,31
KMC,UPW,31
UPW,SCP,32
SCP,IDL,32
IDL,DHP,32
DHP,NZB,31
NZB,JKM,35
NZB,NVT,1
JKM,NVT,33
JKM,YDP,6
JKM,FKB,1
NVT,FKB,33
FKB,BSX,34
BSX,DAB,34
DAB,SQE,35
SQE,KEK,36
KEK,BLSA,36
BLSA,UMRI,36
UMRI,SLGH,36
SLGH,SVN,36
SVN,MUE,36
MUE,MGC,46
MUE,BMBE,14
MGC,PARD,46
PARD,NED,41
NED,WNG,43
WNG,LBG,52
LBG,CRU,52
CRU,PAU,50
PAU,BMF,8
PAU,MQL,47
PAU,MRV,4
BMF,BLC,8
BMF,CWI,6
BMF,MRV,6
BLC,HNL,8
BLC,NDPR,6
BLC,SIF,6
HNL,WHM,8
HNL,NVLN,6
HNL,DNE,6
WHM,JUK,8
WHM,KXX,6
WHM,KKG,6
JUK,BSQ,8
JUK,AMW,6
JUK,KXX,6
BSQ,AK,7
BSQ,SVW,6
BSQ,LHD,6
AK,GAO,89
AK,YAD,87
AK,SVW,3
AK,UGWE,4
GAO,PS,89
PS,NGZ,89
NGZ,SEG,89
SEG,JM,88
SEG,NN,1
JM,NN,88
NN,KJL,89
KJL,BIS,89
BIS,MKU,89
MKU,KMKD,89
KMKD,BDWD,89
BDWD,ACG,89
ACG,VNA,89
PRKD,HBD,190
HBD,BNI,190
BNI,BKA,190
BKA,ODG,190
ODG,MDDP,189
ODG,MSO,1
MDDP,MSO,189
MDDP,INDB,1
MSO,HBJ,187
HBJ,BPL,187
BPL,BIH,47
BPL,SUW,178
BPL,CAG,1
BPL,APR,1
BIH,BQE,51
BQE,PUD,51
PUD,PNWN,51
PNWN,SEH,51
SEH,BKTL,51
BKTL,PRB,51
PRB,JBX,51
JBX,KPP,51
KPP,CKOD,51
CKOD,SJP,51
SJP,MQE,51
MQE,AKD,51
AKD,BLX,51
BLX,KSH,51
KSH,KONY,51
KONY,BCH,51
BCH,PUO,51
PUO,MKC,51
MKC,TAN,61
MKC,CAZ,23
MKC,RCJ,15
MKC,SYO,1
TAN,SVT,61
SVT,TJP,61
TJP,PLW,61
PLW,UJN,59
UJN,NKI,57
UJN,VRG,43
UJN,INDB,2
UJN,CNN,4
UJN,LOD,1
NKI,ASL,61
NKI,VRG,2
ASL,PSO,61
PSO,UNL,61
UNL,PPG,61
PPG,BTSD,61
BTSD,NAD,57
NAD,BRNA,108
NAD,RLK,99
BRNA,KUH,109
KUH,RNH,109
RNH,BOD,109
BOD,RTM,107
RTM,NLI,15
RTM,MRN,100
RTM,NGW,7
NLI,BRLA,18
BRLA,JAO,18
JAO,DOD,18
DOD,KCNR,18
KCNR,DLD,18
DLD,MDS,18
MDS,PIP,18
PIP,MLG,18
MLG,HKL,18
HKL,NMH,18
NMH,BIWK,21
BIWK,JWO,24
JWO,NBH,24
NBH,GRF,24
GRF,SMP,24
SMP,ORDI,24
ORDI,COR,21
ORDI,CNA,1
ORDI,GSD,1
COR,CNA,30
COR,GSD,17
COR,UDZ,1
CNA,GGR,22
CNA,BSSL,10
CNA,GSD,1
GGR,SNYN,22
SNYN,HMG,22
HMG,MDPA,22
MDPA,BHL,22
BHL,MDL,22
MDL,LMA,22
LMA,RLR,22
RLR,SSR,22
SSR,RPI,22
RPI,GBP,22
GBP,BJNR,22
BJNR,MAKH,22
MAKH,SGW,22
SGW,BDW,22
BDW,JWS,22
JWS,NSD,22
NSD,ROS,22
ROS,HTD,22
HTD,AHO,22
MAQ,TKOT,17
TKOT,ULL,32
ULL,MJS,70
MJS,UAA,70
UAA,KMQ,70
KMQ,KGQ,70
KGQ,KLAD,70
KLAD,KQK,70
KQK,BFR,70
BFR,KZE,70
KZE,NLE,70
NLE,CHV,70
CHV,CDRA,69
CDRA,TKQ,70
TKQ,PAY,70
PAY,ELM,70
ELM,PAZ,70
PAZ,KPQ,70
KPQ,PPNS,70
PPNS,VAPM,70
VAPM,CQL,70
CQL,CAN,68
DGHA,TKRA,5
TKRA,RMRB,11
RMRB,BDPA,11
BDPA,SJPA,11
SJPA,KATI,11
KATI,DSPN,11
DSPN,NDKR,11
NDKR,TMZ,11
TMZ,SMTG,15
TMZ,KSBP,4
SMTG,RGA,15
RGA,RGX,15
RGX,PKU,15
PKU,HAUR,137
PKU,KHAI,2
LLH,BEQ,147
BEQ,BLY,147
BLY,UPA,61
BLY,BZL,86
UPA,HMZ,61
HMZ,KOG,61
KOG,RIS,61
RIS,SRP,61
SRP,SHE,61
SHE,BBAE,57
SHE,DEA,4
BBAE,BHR,57
BHR,MUU,57
MUU,CGR,57
CGR,CNS,57
CNS,HGY,56
CNS,MUG,1
HGY,BDC,56
BDC,ADST,72
BDC,HYG,32
BDC,BSAE,22
BDC,KOAA,2
ADST,MUG,72
MUG,TLO,73
TLO,KHN,73
KHN,PDA,73
PDA,SLG,72
PDA,BOI,1
SLG,BCGM,72
BCGM,BOI,72
BOI,DBP,72
BOI,MYM,1
DBP,BGF,72
BGF,MYM,71
MYM,NMF,71
NMF,RSLR,71
RSLR,PLAE,71
VYN,KEI,93
JNU,KS,40
JNU,MFJ,2
JNU,YDV,1
KS,MGWN,49
KS,MNKN,3
MGWN,MIH,49
MIH,SHG,40
MIH,MNKN,3
SHG,BWI,51
SHG,DJD,22
BWI,TLGR,51
TLGR,MLPR,51
MLPR,JFG,51
JFG,ABP,51
ABP,KTHE,51
KTHE,GGJ,51
GGJ,ULN,51
ULN,BLG,51
BLG,DRG,51
DRG,AY,51
AY,ACND,55
AY,KEA,15
ACND,FD,52
FD,SLRP,50
FD,BTKD,4
FD,MSOD,2
SLRP,SLW,53
SLW,DELO,53
DELO,BNM,53
BNM,GMU,53
GMU,RDL,53
RDL,RZN,53
RZN,PTH,53
PTH,DYD,53
DYD,SYK,53
SYK,SGJ,53
SGJ,RES,53
ATMO,PRI,68
PRI,IKK,68
IKK,JWP,68
JWP,HW,56
HW,MOTC,48
HW,NZM,1
MOTC,RWL,51
RWL,QSR,39
RWL,VRH,12
QSR,DWO,39
DWO,HRW,39
HRW,DDN,19
BSW,NCB,4
BSW,APD,4
NCB,NBS,72
NCB,PQZ,71
NCB,COB,1
APD,APDC,4
APDC,APDJ,3
KOAA,PTKR,17
KOAA,TALA,1
GFAE,HYG,32
SLS,RNPR,119
RNPR,CRJ,117
CRJ,JMT,117
JMT,KEE,117
KEE,VDS,117
VDS,MNC,117
MNC,JRW,117
JRW,MDP,116
JRW,JDPR,1
MDP,MUW,116
MDP,JGD,2
MDP,SGPA,4
MDP,GRD,2
MUW,SNQ,117
MUW,JGD,1
SNQ,KBQ,117
KBQ,JSME,114
JSME,LHB,108
JSME,SSNR,12
JSME,DGHR,2
LHB,STL,111
STL,NRGO,111
NRGO,JAJ,108
JAJ,GHR,101
JAJ,DPX,7
JAJ,JMU,1
GHR,CUX,112
GHR,DPX,11
CUX,JMU,112
JMU,BFM,111
JMU,KDER,1
JMU,MNP,1
BFM,MNP,112
BFM,KDER,1
MNP,BSQP,112
MNP,KIUL,1
BSQP,KIUL,110
BSQP,DNRE,1
BSQP,LCK,1
KIUL,LKR,155
KIUL,DNRE,47
KIUL,RMPR,1
KIUL,RNC,1
KIUL,UREN,3
KIUL,MHLT,1
LKR,MKB,141
LKR,SRY,15
LKR,KRTR,1
LKR,GSDH,2
MKB,DMRX,72
MKB,BRYA,69
DMRX,BRYA,72
BRYA,RDUM,121
BRYA,HTZ,20
RDUM,HTZ,118
RDUM,RJO,2
RDUM,ANAH,1
HTZ,RJO,80
HTZ,ANAH,130
HTZ,PNBE,1
RJO,SAE,85
RJO,ANAH,4
RJO,GHX,1
SAE,GHX,86
SAE,HTZU,1
GHX,BJU,87
BJU,TGA,95
BJU,BUJ,9
BJU,TIL,75
BJU,MKA,1
TGA,BCA,116
TGA,BUJ,16
BCA,STJT,86
BCA,VPN,30
STJT,DSS,86
DSS,NAZJ,86
NAZJ,UJP,86
UJP,SPJ,83
SPJ,KPGM,79
SPJ,MKPR,52
SPJ,BGDS,17
SPJ,KSP,3
SPJ,SHC,1
KPGM,KRBP,84
KPGM,MKPR,1
KRBP,DUBH,84
DUBH,DOL,84
DOL,SIHO,84
SIHO,SLT,84
SLT,NRPA,84
KRTH,SAHL,126
KRTH,TAKU,5
SAHL,KQE,128
SAHL,TAKU,1
KQE,DOH,132
KQE,TAKU,4
DOH,BBTR,132
BBTR,GDYA,132
GDYA,DHQ,132
DHQ,MJY,132
MJY,BZU,132
BZU,MALK,133
MALK,BYS,134
BYS,AMLA,131
BYS,JKR,1
BYS,JMV,1
AMLA,JKR,123
AMLA,JMV,10
JKR,MTY,125
MTY,HTN,125
HTN,CCD,125
CCD,GDKP,125
GDKP,TEO,125
TEO,PAR,125
PAR,DDMT,125
DDMT,NRKR,125
NRKR,TNH,125
TNH,KLBA,125
KLBA,KATL,125
KATL,MER,125
MER,SNKB,125
SNKB,KOHL,125
KOHL,KSWR,125
KSWR,BWRA,125
BWRA,GNQ,125
GNQ,NGP,120
NGP,AJNI,177
NGP,ITR,65
NGP,BUX,1
AJNI,KRI,189
KRI,GMG,189
GMG,BTBR,189
BTBR,BOK,189
BOK,SNI,189
SNI,TGP,189
TGP,SLOR,189
SLOR,SEGM,189
SEGM,BPK,119
SEGM,WR,81
BPK,SNN,123
BPK,WR,4
SNN,HGT,123
HGT,NGI,123
NGI,CKNI,122
CKNI,WRR,123
WRR,MJRI,123
MJRI,BUX,116
MJRI,WANI,6
MJRI,TAE,1
BUX,TAE,113
TAE,CD,117
CD,BUPH,117
BUPH,VSP,119
BUPH,GNVR,6
BUPH,CAF,8
VSP,GNVR,119
GNVR,BPQ,123
BPQ,MAGH,123
MAGH,VHGN,125
VHGN,WIRR,125
WIRR,MKDI,125
MKDI,SRUR,125
SRUR,SKZR,126
SKZR,ASAF,128
ASAF,RECH,129
RECH,BPA,129
BPA,MMZ,129
MMZ,RVKH,129
RVKH,MCI,129
MCI,PPZ,130
PPZ,RDM,131
RDM,RGPM,131
RGPM,PDPL,131
PDPL,KYOP,131
KYOP,KOLR,131
KOLR,OEA,131
OEA,PTKP,131
PTKP,BGSF,131
BGSF,JMKT,131
JMKT,OPL,131
OPL,HSP,131
HSP,KZJT,77
HSP,KZJ,52
KZJT,WL,77
WL,CLE,133
WL,KZJ,54
CLE,YGL,133
YGL,NKD,133
NKD,INK,133
INK,KDM,133
KDM,TAA,133
TAA,MABD,133
MABD,GUU,133
GUU,GLA,133
GLA,DKJ,132
GLA,PCZ,1
DKJ,PPY,125
DKJ,PCZ,13
DKJ,MUGR,1
PPY,MLMG,125
MLMG,KMT,125
KMT,PNDP,125
PNDP,CKN,125
CKN,NVC,125
NVC,BKL,125
BKL,MTMI,125
MTMI,MDR,125
MDR,TNGM,125
TNGM,YP,125
YP,GNN,125
GNN,CVV,125
CVV,KI,125
KI,RYP,125
RYP,BZA,121
BZA,KCC,201
BZA,RMV,26
BZA,GALA,122
BZA,STPM,3
KCC,KAQ,162
KCC,MAG,44
KCC,TEL,3
KAQ,PVD,162
PVD,CLVR,162
CLVR,DIG,162
DIG,KLX,162
KLX,TEL,162
TEL,TSR,179
TEL,AKU,24
TEL,CIV,5
TSR,MDKU,179
MDKU,NDO,179
NDO,MCVM,179
MCVM,APL,179
APL,BPP,179
BPP,SPF,179
SPF,IPPM,179
IPPM,IPPN,179
IPPN,CLX,179
CLX,JAQ,179
JAQ,VTM,179
VTM,KPLL,179
KPLL,KVDU,179
KVDU,CJM,179
CJM,UGD,179
UGD,RPRL,179
RPRL,ANB,179
ANB,KRV,179
KRV,OGL,179
OGL,SDM,179
SDM,TNR,179
TNR,SKM,179
SKM,UPD,179
UPD,TTU,179
TTU,KVZ,179
KVZ,SVPM,179
SVPM,BTTR,177
BTTR,AXR,177
AXR,TMC,177
TMC,KJJ,177
KJJ,PGU,177
PGU,NLR,177
NLR,NLS,177
NLS,VDE,177
VDE,VKT,177
VKT,MBL,177
MBL,GDR,173
MBL,TPTY,1
MBL,KQA,1
GDR,ODUR,101
GDR,KQA,71
GDR,COA,1
ODUR,PYA,102
PYA,NYP,102
NYP,DVR,102
DVR,PEL,102
PEL,SPE,102
SPE,AKAT,113
AKAT,TADA,112
TADA,AKM,113
AKM,ELR,113
ELR,GPD,112
GPD,KVP,112
KVP,PON,112
PON,APB,113
APB,MJR,113
MJR,NPKM,113
NPKM,AIP,113
AIP,ENR,102
AIP,AIPP,11
ENR,KAVM,113
ENR,AIPP,11
KAVM,WCN,113
WCN,TVT,113
TVT,VOC,113
VOC,TNP,113
TNP,KOK,113
KOK,WST,25
KOK,BBQ,80
KOK,MAS,7
KOK,VJM,1
WST,RPM,29
WST,VJM,2
WST,PER,2
RPM,MSB,27
MSB,MSF,143
MSB,VDR,1
MSF,MPK,13
MSF,MPKT,142
MPK,MPKT,69
MPK,MS,77
CHRM,PRDL,7
CHRM,APR,1
PRDL,MDGR,13
MDGR,BRND,13
BRND,BJRI,18
BRND,UKR,8
BJRI,BATL,18
BATL,KTMA,18
KTMA,HRV,18
HRV,DRSN,18
DRSN,MZH,18
MZH,APR,16
MZH,AAL,2
APR,AAL,38
APR,CLF,34
AAL,BUH,40
BUH,SNGP,39
BUH,CHDX,1
SNGP,SDL,39
SNGP,CHDX,1
SDL,BDWA,38
BDWA,GGT,38
GGT,MDXR,38
MDXR,BRS,38
BRS,NRZB,38
NRZB,KKI,38
KKI,UMR,38
UMR,LOA,38
LOA,CHD,37
CHD,VYK,36
VYK,RPD,36
RPD,JLW,36
JLW,NKJ,41
JLW,KTKD,6
NKJ,KMZ,16
NKJ,KTKD,2
KMZ,HDU,35
KMZ,MJGP,1
HDU,PTHD,38
HDU,MJGP,3
PTHD,REI,38
REI,BQQ,38
BQQ,SYA,38
SYA,RTGN,38
RTGN,SAO,38
SAO,GEA,38
GEA,BNU,38
BNU,KYX,38
KYX,DMO,37
AOR,RNC,31
AOR,PIS,8
AOR,HTE,16
RNC,NKM,53
RNC,HTE,4
RNC,KLRE,2
PIS,ITKY,8
ITKY,TGB,8
TGB,NRKP,8
NRKP,NJA,8
NJA,AKZ,8
AKZ,IRN,8
IRN,LAD,5
BGM,SXB,42
BGM,DUR,40
SXB,SBH,44
SBH,SUL,44
SUL,PCH,44
PCH,PRKH,44
PRKH,GKK,44
GKK,GPB,44
GPB,BGWD,44
BGWD,CKR,44
CKR,RBG,44
RBG,CNC,44
CNC,KUD,44
KUD,UGR,44
UGR,SED,44
SED,VJR,44
VJR,MRJ,38
VPN,HBP,30
HBP,MOG,30
MOG,NNNL,30
NNNL,SPP,30
SPP,MNO,30
MNO,SDG,30
SDG,DES,30
DES,CSR,30
CSR,AYRN,30
ST,UDN,214
ST,URN,206
UDN,BHET,189
UDN,NOL,49
BHET,SCH,189
SCH,MRL,189
MRL,NVS,189
NVS,VDH,189
VDH,ACL,189
ACL,AML,189
AML,BIM,188
AML,JRS,1
BIM,JRS,188
JRS,DGI,189
DGI,BL,183
BL,ATUL,178
ATUL,PAD,180
PAD,UVD,180
UVD,VAPI,180
VAPI,KEB,179
VAPI,BLD,2
KEB,BLD,179
KEB,NDB,1
BLD,SJN,180
SJN,UBR,180
UBR,BRRD,180
BRRD,GVD,180
GVD,DRD,180
DRD,VGN,182
VGN,BOR,184
BOR,UOI,184
UOI,PLG,184
PLG,KLV,184
KLV,SAH,184
SAH,VTN,184
VTN,VR,179
MGI,SKI,8
MGI,LNO,16
SKI,KKHT,10
SKI,PDW,21
SKI,TRS,12
SKI,SSNS,4
SKI,UGNA,3
SKI,BIRL,1
LNO,JJP,16
JJP,TMA,10
JJP,MHRL,1
TMA,GGH,10
GGH,NMA,5
MAN,VTA,172
VTA,GER,172
GER,BJD,172
BJD,KANJ,172
KANJ,NEP,171
KANJ,MHD,1
NEP,MHD,171
MHD,GTE,172
GTE,ND,172
ND,UTD,172
ND,PTD,1
ND,MHUA,1
UTD,KBRV,172
KBRV,ANND,175
KBRV,VTL,2
ANND,VXD,175
ANND,SNA,2
VXD,ADD,176
ADD,VDA,176
VDA,NDR,180
VDA,BETI,4
NDR,RNO,180
RNO,BJW,180
BJW,BRC,173
BJW,CYI,3
BRC,VS,207
BRC,CYI,95
BRC,OKHA,1
BRC,GIMB,1
BRC,INDB,1
VS,MPR,210
VS,CYI,1
MPR,VRM,210
VRM,ITA,210
ITA,KSPR,210
KSPR,MYG,210
MYG,MYGL,193
MYG,LKD,18
MYGL,LKD,192
MYGL,DB,5
MYGL,SINR,2
LKD,PLJ,210
PLJ,VRE,210
VRE,NIU,210
NIU,CVJ,210
CVJ,BH,208
CVJ,AKV,1
BH,AKV,209
BH,BCT,1
BH,SAZ,1
AKV,PAO,212
PAO,HAT,212
HAT,KSB,212
KSB,KIM,212
KSB,VKL,1
KIM,KDSD,212
KDSD,SYN,212
SYN,GTX,212
GTX,KSE,212
KSE,URN,212
VR,NSP,174
NSP,BSR,174
BSR,NIG,108
BSR,JCNR,66
NIG,BYR,108
BYR,MIRA,108
MIRA,DIC,108
DIC,BVI,107
BVI,KILE,106
KILE,MDD,106
MDD,GMN,106
GMN,JOS,106
JOS,ADH,106
ADH,VLP,106
VLP,STC,106
STC,KHAR,102
STC,BDTS,2
KHAR,BDTS,77
BDTS,BA,52
BA,MM,52
MM,MRU,52
MRU,DDR,49
DDR,EPR,46
EPR,PL,46
PL,MX,46
MX,BCT,23
BINA,MDVK,22
BINA,KIKA,189
BINA,AGD,179
BINA,BJQ,25
MDVK,SRKI,32
MDVK,BJQ,5
SRKI,MNV,22
SRKI,KXB,10
MNV,GVB,32
MNV,KXB,10
GVB,PIA,32
PIA,ORR,24
PIA,RAWS,8
ORR,ASKN,32
ORR,RAWS,8
ASKN,SHDR,22
ASKN,RIKA,10
SHDR,PGA,32
SHDR,RIKA,10
PGA,GUNA,29
PGA,MUGA,1
DAE,WR,85
DAE,KAOT,87
KAOT,PLO,87
PLO,TLN,87
TLN,DMN,87
DMN,DIP,87
DIP,CND,87
CND,MLR,87
MLR,TMT,87
TMT,BD,87
BD,TKI,87
BD,AMI,6
TKI,KUM,87
KUM,MNDA,87
MNDA,MANA,87
MANA,MZR,87
MZR,KTP,87
MZR,ANJ,1
MZR,KRJA,1
KTP,BGN,87
BGN,YAD,87
DBM,VSG,11
DBM,SKVL,23
SKVL,CSM,23
CSM,MJO,22
CSM,MAO,1
MJO,SRVX,55
MJO,CNR,8
MJO,VEN,48
MJO,MAO,8
SRVX,MAO,48
SRVX,CNR,3
SRVX,VEN,1
MAO,SVM,11
MAO,BLLI,41
SVM,KM,23
SVM,CNR,12
KM,QLM,20
NKM,TIS,73
TIS,GAG,73
GAG,KITA,66
GAG,JON,2
GAG,GATD,5
KITA,SLF,73
KITA,JON,2
KITA,GATD,5
SLF,MURI,73
MURI,BLNG,21
MURI,THO,63
MURI,ILO,5
MURI,TATA,2
BLNG,SND,21
SND,HRBR,21
HRBR,GRE,21
GRE,BRKP,21
BRKP,MAEL,21
MAEL,RMT,21
RMT,BRKA,19
BRKA,BHKD,28
BRKA,ARGD,8
BRKA,RRME,2
BHKD,PTRU,31
PTRU,TKS,31
TKS,HNDR,31
HNDR,RAY,31
RAY,KLRE,28
RAY,MGME,3
KLRE,MGME,28
KLRE,SBP,1
MGME,MMLN,31
MMLN,TORI,31
TORI,CTQ,31
CTQ,RCGT,31
RCGT,DEMU,31
DEMU,LTHR,31
LTHR,BFQ,31
BFQ,KMND,31
KMND,CPDR,30
KMND,HHG,1
CPDR,BRWD,30
CPDR,HHG,1
BRWD,KCKI,32
BRWD,MAZ,1
KCKI,CNF,37
KCKI,MAZ,1
CNF,DTO,37
DTO,KFT,37
KFT,RHR,37
RHR,TRZ,36
RHR,LBT,1
TRZ,GHD,37
TRZ,LBT,1
GHD,SQS,21
GHD,GHQ,21
SQS,URD,20
SQS,KRTA,1
URD,SZF,21
URD,KRTA,1
SZF,MDJ,21
MDJ,KVQ,21
KVQ,HDN,21
HDN,JPL,21
JPL,KYF,21
KYF,NBG,21
NBG,ANH,21
ANH,BSYA,33
ANH,BCJ,2
PSA,PUN,95
PSA,SUDV,95
PSA,VZM,1
PUN,RMZ,95
RMZ,NWP,95
NWP,DGB,93
NWP,TEK,2
DGB,KBM,93
KBM,HCM,93
HCM,TIU,93
TIU,ULM,93
ULM,CHE,93
CHE,DUSI,93
DUSI,PDU,93
PDU,SGDM,93
SGDM,BTVA,93
BTVA,CPP,93
CPP,GVI,93
GVI,NML,93
NML,VZM,93
VZM,KUK,114
VZM,GTLM,30
KUK,ALM,112
ALM,KPL,114
KPL,KTV,114
KTV,PDT,115
KTV,MVW,1
PDT,SCMN,114
PDT,DVD,1
SCMN,SCM,97
SCMN,DVD,16
SCMN,THY,1
SCM,MIPM,83
SCM,VSKP,14
MIPM,VSKP,150
MIPM,DVD,95
MIPM,GPT,2
ASH,LJN,43
LJN,MKG,104
BNZ,GTNR,48
KHM,SANR,86
SANR,CC,86
CC,GB,86
GB,BALR,86
BALR,DEOS,86
DEOS,AHLR,86
AHLR,NRA,86
NRA,BTT,86
BTT,POKL,34
BTT,NNPR,66
LRD,TTI,34
TTI,BLTR,34
BLTR,KER,34
KER,CKYD,34
CKYD,IAA,34
IAA,MAU,47
IAA,RTP,9
IAA,HLP,5
MAU,PNRA,36
MAU,PLGH,2
MAU,KRT,22
PNRA,PPH,36
PPH,DLR,36
DLR,JKN,36
JKN,SDT,36
SDT,MHO,36
QLM,DWF,17
CNR,BLLI,1
GUNA,MINA,12
GUNA,MUGA,29
GUNA,KOTA,1
GUNA,RTA,4
GUNA,TRWT,2
SBR,GA,40
GA,GVMR,40
GVMR,NAC,40
NAC,NYK,40
NYK,THMR,40
THMR,KMNC,40
KMNC,MKN,40
MKN,BOW,40
BOW,BSRL,40
BSRL,GCH,40
GCH,DNA,39
GCH,JACN,1
DNA,JACN,44
DNA,KRC,2
DNA,KOTA,1
DNA,KHTU,3
JACN,JAC,46
JAC,REN,46
REN,KQW,46
KQW,MTD,45
MTD,JOM,50
MTD,MCPE,33
JOM,GOTN,50
GOTN,KXG,49
GOTN,JU,1
KXG,UMED,49
UMED,SWF,49
JU,BGKT,31
MMC,MDB,8
MDB,MLH,8
MLH,MMY,8
MMY,TIW,8
TIW,OSN,8
OSN,BKC,8
BKC,SRK,8
SRK,MWT,8
MWT,STSN,8
STSN,PLCJ,8
PLCJ,PLC,6
PLCJ,MBT,1
PLCJ,MKHR,1
PLC,MBT,8
PLC,MAAR,6
MBT,MKHR,9
MKHR,RDRA,10
RDRA,POK,10
POK,AQG,10
AQG,OCH,10
OCH,SBLT,10
SBLT,JCH,10
JCH,THM,10
THM,JSM,5
NAB,TEP,3
NAB,TUD,12
NAB,BMP,12
TEP,BWV,6
BWV,URR,6
URR,BMW,6
BMW,KUHI,6
KUHI,ITR,5
ITR,KRDH,12
GVN,RJY,142
GVN,KVR,146
GVN,KYM,2
RJY,KYM,144
RJY,KVR,2
RJY,TPTY,2
KVR,PSDA,148
PSDA,CU,148
CU,BMGM,148
BMGM,NDD,146
NDD,MRPL,127
NDD,KLDI,21
MRPL,NBM,127
NBM,PTPU,127
PTPU,TDD,127
TDD,BPY,127
BPY,VGT,127
VGT,CEL,127
CEL,KKRM,127
KKRM,PUA,127
PUA,BMD,127
BMD,STPT,127
STPT,DEL,127
DEL,EE,127
EE,PRH,127
PRH,VAT,127
VAT,NZD,127
NZD,VRVL,127
VRVL,TOU,127
TOU,PAVP,127
PAVP,GWM,127
GWM,MBD,127
MBD,GALA,127
LHD,AMW,6
KKG,PGG,6
PGG,KNRG,6
KNRG,MLSU,6
MLSU,NVLN,6
DNE,NDPR,6
SIF,CWI,6
CBE,CBF,96
CBE,PTJ,78
CBE,IGU,1
CBF,PLMD,105
CBF,PTJ,1
CBF,PKM,10
PLMD,SHI,105
SHI,IGU,105
IGU,SUU,130
IGU,PTJ,24
SUU,SNO,130
SNO,VNJ,130
VNJ,TUP,130
TUP,KUY,130
KUY,UKL,130
UKL,VZ,130
VZ,IGR,130
IGR,PY,130
PY,TPM,130
TPM,ED,130
ED,CV,137
ED,CVD,38
ED,PTJ,1
CV,ANU,140
CV,SGE,1
CV,CVD,1
ANU,SGE,140
SGE,MVPM,140
SGE,DC,1
MVPM,DC,140
DC,VRPD,141
VRPD,NEA,140
VRPD,SA,1
NEA,SA,140
SA,MGSJ,144
SA,SAMT,4
SA,VRI,1
SA,OML,1
MGSJ,OML,23
MGSJ,KPPR,124
OML,SMDT,20
OML,MCRD,3
OML,TOS,2
SMDT,KVLR,20
KVLR,TPP,20
TPP,MPC,20
MPC,SZV,20
SZV,DPJ,20
DPJ,PCV,20
PCV,MZU,20
MZU,RYC,20
RYC,KMLM,20
KMLM,HSRA,20
HSRA,AEK,22
AEK,HLE,24
HLE,CRLM,24
CRLM,BLRR,24
BLRR,BYPL,24
BYPL,BNCE,82
BYPL,CSDR,20
BYPL,KJM,77
BYPL,BAND,34
BYPL,YPR,1
BNCE,BNC,82
BNC,SBC,53
SBC,MWM,31
SBC,NYH,33
SBC,KJM,1
CSDR,YNK,30
CSDR,KJM,10
YNK,RNN,69
YNK,KDGH,41
YNK,TLS,4
RNN,DBU,69
DBU,ORH,69
ORH,MKL,69
MKL,TDV,69
TDV,SMWA,69
SMWA,GBD,69
GBD,VWA,69
VWA,HUP,67
VWA,DPE,1
HUP,MLU,69
HUP,DPE,1
HUP,YPR,1
MLU,CPL,70
CPL,PKD,70
PKD,NRYP,26
PKD,MKJ,41
PKD,DMM,3
NRYP,SSPN,25
SSPN,KTCR,25
KTCR,BSPL,26
BSPL,DMM,26
DMM,CCA,74
DMM,NGM,41
DMM,CCI,4
CCA,ZPL,74
ZPL,ATP,73
ZPL,KRNT,1
ATP,GDE,72
ATP,ALPR,1
GDE,KLU,72
KLU,RRJ,42
KLU,KDT,29
KLU,GTL,1
RRJ,GY,42
GY,PLU,52
GY,JKO,26
GY,PDL,17
PLU,NKDO,52
NKDO,TIM,48
NKDO,GTL,4
TIM,GTL,47
GTL,NLA,54
GTL,GPU,27
GTL,BLL,28
GTL,MLGT,29
NLA,MGV,55
MGV,ASP,55
ASP,NRR,55
NRR,AD,55
AD,ESV,55
ESV,KGL,55
KGL,KO,55
KO,EGU,55
EGU,MALM,55
MALM,MTU,55
MTU,MRC,55
MRC,RC,54
RC,YS,52
YS,CK,54
CK,YDLP,54
YDLP,KSN,54
KSN,CGTA,54
CGTA,LGRE,54
LGRE,YG,52
LGRE,TGDE,2
YG,TGDE,50
YG,CSTM,2
TGDE,SPHL,52
SPHL,NW,52
NW,WADI,42
NW,CT,10
WADI,SDB,63
WADI,SUH,29
SDB,MR,64
MR,HQR,64
HQR,GR,61
GR,BBD,61
BBD,SVG,61
SVG,HHD,61
HHD,GUR,61
GUR,GDGN,61
GDGN,KUI,61
KUI,DUD,61
DUD,BOT,61
BOT,NGS,61
NGS,AKOR,61
AKOR,TLT,61
TLT,HG,61
HG,TKWD,85
HG,AHD,23
HG,TVL,1
TKWD,SUR,77
SUR,BALE,65
SUR,DD,1
BALE,PK,73
PK,MVE,73
MVE,MO,73
MO,MKPT,72
MKPT,AAG,73
AAG,WKA,73
WKA,MA,73
MA,WDS,73
WDS,KWV,73
KWV,DHS,79
KWV,CNHL,12
KWV,LAUL,10
DHS,KEM,79
KEM,BLNI,79
BLNI,JEUR,79
JEUR,PPJ,79
PPJ,WSB,79
WSB,PRWD,79
PRWD,JNTR,79
JNTR,BGVN,79
BGVN,MLM,78
MLM,BRB,79
BRB,DD,78
BRB,KSTH,1
DD,PAA,121
DD,MDDG,7
DD,KSTH,59
DD,SGND,1
PAA,KDTN,123
KDTN,KDG,123
KDG,KTT,123
KTT,YT,123
YT,URI,123
URI,LONI,123
LONI,MJBK,123
MJBK,HDP,123
HDP,GPRW,80
HDP,PUNE,32
GPRW,PUNE,64
PUNE,SVJR,90
PUNE,GPR,41
SVJR,KK,105
KK,DAPD,105
DAPD,KSWD,105
KSWD,PMP,105
PMP,CCH,105
CCH,AKRD,105
AKRD,DEHR,105
DEHR,BGW,105
BGW,GRWD,105
GRWD,TGN,105
TGN,VDN,105
VDN,KNHE,105
KNHE,KMST,105
KMST,MVL,105
MVL,LNL,105
LNL,KAD,105
KAD,PDI,105
PDI,KJT,104
KJT,BVS,101
KJT,PNVL,2
BVS,NRL,101
NRL,SHLU,101
SHLU,VGI,101
VGI,BUD,101
BUD,ABH,101
ABH,ULNR,101
ULNR,VLDI,101
MBQ,KLVA,147
YDP,SKNR,6
SKNR,GPBN,6
GPBN,BDHN,3
MV,NID,18
MV,MY,21
MV,KTM,1
NID,ANP,20
ANP,VDL,20
VDL,SY,20
SY,ARS,20
ARS,CLN,20
CLN,VMP,20
VMP,CDM,20
CDM,KII,20
KII,PO,20
PO,PUC,20
PUC,ALP,20
ALP,CQS,20
CQS,CUPJ,20
CUPJ,CUD,20
CUPJ,KJPD,2
CUD,TDPR,20
TDPR,VKP,20
VKP,NPM,20
NPM,MBU,20
MBU,PRT,20
PRT,TUY,20
TUY,SXR,20
SXR,VM,18
REWA,TZR,2
REWA,HNM,1
REWA,KMA,3
TZR,BGHI,2
CLF,JTI,34
JTI,NIQ,34
NIQ,VKR,34
VKR,HRB,34
HRB,PND,34
PND,SBRA,34
SBRA,KOI,34
KOI,BHTK,34
BHTK,KGS,34
KGS,TGQ,34
TGQ,BIG,34
BIG,SLKR,34
SLKR,KGB,34
KGB,KLTR,34
KLTR,GTK,34
GTK,USL,34
USL,BSP,30
MPKT,MCPT,73
MS,MSC,96
MS,RU,1
MSC,NBK,118
NBK,MKK,118
MKK,MBM,118
MBM,SP,118
SP,GDY,118
GDY,STM,117
STM,PZA,113
STM,PV,4
PZA,MN,113
MN,TLM,113
TLM,PV,112
PV,CMP,115
PV,TBMS,1
CMP,TBMS,116
TBMS,TBM,89
TBM,PRGL,87
TBM,UPM,1
CKW,DBRT,6
CKW,LHL,12
LHL,DKM,23
LHL,DBRG,8
LHL,CHB,3
DKM,CHB,23
CHB,PNT,23
CHB,NTSK,3
PNT,NTSK,23
NTSK,TSK,16
NTSK,CGF,28
TSK,MJN,6
CGF,BDT,28
BDT,DJG,28
DJG,NHK,28
NHK,BTZ,28
BTZ,NAM,28
NAM,BFD,28
BFD,BRNR,28
BRNR,SPK,28
SPK,LPTA,28
LPTA,BOJ,28
BOJ,SFR,28
SFR,LXA,28
LXA,MUGN,28
MUGN,SLGR,28
SLGR,NZR,37
SLGR,AGI,1
SLGR,SLX,1
SLGR,SRTN,1
NZR,MZA,38
NZR,SRTN,1
MZA,NMT,38
NMT,AGI,38
AGI,SLX,33
AGI,SRTN,4
SLX,LH,34
LH,NCH,34
NCH,MXN,34
MXN,KQY,34
MXN,CMA,7
KQY,TTB,34
TTB,CFG,34
CFG,KXL,34
KXL,FKG,34
FKG,OTN,38
FKG,GLGT,5
OTN,JMI,38
JMI,BHGN,38
BHGN,BXP,38
BXP,SZR,38
SZR,NJN,38
NJN,CJA,38
CJA,BXJ,38
BXJ,KHKT,38
KHKT,DMV,38
DMV,RXRX,40
RXRX,RXR,42
RXR,DSR,42
DSR,DLDE,42
DLDE,DPU,42
DPU,NLN,42
NLN,LCT,42
LCT,BRLF,42
BRLF,LMG,41
LMG,PKB,42
LMG,MYD,4
PKB,LKG,44
LKG,HWX,44
HWX,LKA,44
LKA,DHRY,44
DHRY,HJI,44
HJI,JGJN,44
JGJN,JMK,44
JMK,KWM,44
KWM,LPN,44
LPN,CPK,44
CPK,TGE,50
CPK,SCE,2
CPK,RAHA,4
TGE,DML,50
DML,AJRE,50
AJRE,JID,50
JID,BRHU,50
BRHU,KKET,50
KKET,TTLA,50
TTLA,DGU,50
DGU,PNB,50
PNB,TKC,50
TKC,PHI,50
PHI,NNGE,50
NNGE,GHY,39
AGTL,JGNR,4
JGNR,JRNA,8
JRNA,TLMR,8
TLMR,MGKM,8
MGKM,ABSA,8
ABSA,JWNR,8
JWNR,SKAP,8
SKAP,MANU,8
MANU,KUGT,8
KUGT,PEC,8
PEC,PASG,8
PASG,DMR,6
DMR,NPU,5
NPU,CBZ,6
CBZ,TBX,6
TBX,CHBN,6
CHBN,KKGT,6
KKGT,PTKD,6
PTKD,KNBR,6
KNBR,BRGM,6
BRGM,KTGM,9
BRGM,ELL,3
KTGM,NLBR,9
NLBR,KXJ,7
KXJ,CGX,6
CGX,BXG,6
BXG,RPB,6
RPB,BPB,6
BPB,BPG,7
BPB,KTX,2
BPB,HLX,6
BPG,PNGM,8
PNGM,KTX,8
KTX,SCA,2
KTX,SCL,1
KTX,ARCL,4
KTX,ALGP,2
SCA,ARCL,2
ARCL,SCL,4
MRJ,JSP,36
MRJ,VRB,46
MRJ,ARAG,5
MRJ,BLWD,1
DUR,IDJ,40
IDJ,KNP,40
KNP,GNJ,40
GNJ,LD,39
ANAH,MKA,133
MKA,MOR,134
MKA,HTZU,1
MOR,KNHP,135
KNHP,MMKB,135
MMKB,PHK,135
PHK,BARH,133
PHK,ATL,2
BARH,ATL,133
BARH,DNR,1
BARH,RJPB,1
ATL,BKP,135
BKP,TKBG,141
BKP,HRT,14
TKBG,KWO,141
KWO,SMBH,143
SMBH,KOO,141
KOO,HDE,141
HDE,FUT,141
FUT,BKG,147
FUT,DNWH,5
FUT,HIL,1
BKG,PNC,147
PNC,GZH,147
GZH,RJPB,144
RJPB,PNBE,133
PNBE,PWS,137
PNBE,PRBZ,21
PNBE,BGS,2
PNBE,SCY,1
PWS,DNR,142
PWS,SCY,3
DNR,NEO,139
NEO,SDE,137
NEO,GNHI,2
SDE,BTA,137
SDE,GNHI,2
SDE,PATL,2
BTA,KWR,139
BTA,PATL,2
KWR,KUA,139
KUA,ARA,136
KUA,JMIR,2
ARA,KRS,132
ARA,UWNR,4
ARA,JMIR,2
ARA,JGWL,2
KRS,BEA,133
KRS,JGWL,2
KRS,KYA,2
BEA,BYN,134
BEA,RNTE,2
BEA,ASJP,1
BYN,RPR,134
BYN,ASJP,1
RPR,TWG,132
RPR,VKDH,1
TWG,DURE,133
TWG,VKDH,1
DURE,BUE,133
BZM,BNAR,59
BZM,SIRA,12
BNAR,RPGU,59
RPGU,PMN,59
PMN,TLNH,59
TLNH,LLR,59
LLR,MLS,59
MLS,PHN,59
PHN,CNH,59
CNH,KPI,59
KPI,ATA,59
ATA,ORAI,59
ORAI,BHUA,59
BHUA,AIT,59
AIT,PRN,59
PRN,ERC,59
ERC,MOTH,59
MOTH,NDK,59
NDK,CGN,59
CGN,PIC,59
PIC,GRM,59
GRM,JHS,55
KJM,WFD,89
KJM,LOGH,1
WFD,DKN,89
DKN,MLO,89
MLO,BFW,89
BFW,TCL,89
TCL,BWT,88
BWT,KSM,83
BWT,BEML,6
KSM,BSM,83
BSM,GDP,81
BSM,KPN,2
GDP,KPN,81
KPN,MAR,79
KPN,PU,4
MAR,PU,74
MAR,SKPT,5
PU,SKPT,78
SKPT,JTJ,65
SKPT,TPT,17
JTJ,KDY,156
JTJ,TPT,106
KDY,VN,157
VN,VGM,157
VGM,AB,157
AB,PCKM,157
PCKM,MPI,157
MPI,VLT,157
VLT,MEH,155
VLT,GYM,2
MEH,GYM,155
GYM,KVN,157
KVN,VJ,155
KVN,LTI,2
VJ,LTI,155
LTI,KPD,157
KPD,BUM,49
KPD,SVUR,113
KPD,VT,8
KPD,RU,6
KPD,YPR,1
BUM,RAM,49
RAM,PYX,49
PYX,SIE,49
SIE,CTO,49
CTO,PTT,50
PTT,PAK,51
PAK,PAM,55
PAK,DCU,4
PAM,KEN,55
KEN,CGI,55
CGI,TPW,55
TPW,TPTY,49
TPTY,RU,64
TPTY,YPD,1
RU,YPD,73
RU,MRM,28
RU,PUDI,23
YPD,RCG,74
RCG,KHT,74
KHT,AKY,74
AKY,YLK,74
YLK,YAL,74
YAL,VKI,74
VKI,NDZ,74
NDZ,VDD,74
VDD,KQA,74
RMV,NDM,29
RMV,STPM,3
NDM,UPL,29
UPL,TGU,25
UPL,TNRU,4
TGU,IDP,29
TGU,TNRU,4
IDP,VPG,29
VPG,DPD,29
DPD,GDV,29
GDV,OTR,27
GDV,NUJ,8
OTR,GUK,28
GUK,PSLP,28
PSLP,PCU,28
PCU,MVP,28
MVP,MDVL,28
MDVL,KKLR,28
KKLR,PLVA,28
PLVA,AKVD,28
AKVD,CKV,28
CKV,UNDI,28
UNDI,BVRT,28
BVRT,VND,23
BVRT,BVRM,23
VND,LKSH,23
LKSH,AVLI,23
AVLI,MCLE,23
MCLE,AL,23
AL,RLG,23
RLG,VPU,23
VPU,TNKU,23
TNKU,STVA,23
STVA,KLDI,23
KYM,KSVM,147
KSVM,DWP,147
DWP,APT,147
APT,BBPM,145
BBPM,BVL,145
BVL,PBD,145
PBD,MPU,145
MPU,GDPT,145
GDPT,SLO,145
SLO,PAP,132
SLO,CCT,12
KJC,KSJF,9
KJC,SRN,16
KSJF,KSJ,1
SRN,SRNK,16
SRNK,MPG,16
MPG,KCO,16
KCO,KCU,16
KCU,BTRI,16
BTRI,UJH,16
UJH,SKW,16
SKW,BEM,16
BEM,GTP,16
GTP,KRTL,16
KRTL,MQP,16
MQP,BMY,16
BMY,RGB,16
RGB,BTG,26
RGB,BRY,15
LD,DEV,43
LD,TGT,19
DEV,NAG,43
NAG,TVG,43
TVG,LWR,43
LWR,KBI,43
KBI,MGD,43
MGD,KRKP,43
KRKP,DWR,43
DWR,NVU,48
NVU,AGL,53
AGL,UNK,53
UNK,UBL,49
CLA,SIN,117
CLA,LTT,85
SIN,MTN,117
MTN,DR,109
DR,PR,99
PR,CRD,99
CRD,CHG,99
CHG,BY,99
BY,SNRD,99
SNRD,MSD,99
MSD,CSTM,50
BGP,SBO,35
BGP,KKTA,7
BGP,NAT,36
BGP,AKN,7
SBO,LMM,11
SBO,GGA,28
LMM,GGA,10
LMM,EKC,1
GGA,EKC,38
EKC,CLG,39
CLG,BKSL,39
BKSL,SVRP,39
SVRP,LKB,8
SVRP,PPT,31
LKB,PPT,8
PPT,AMPL,9
PPT,MZC,30
AMPL,MZC,8
AMPL,KRMA,1
MZC,KRMA,38
KRMA,SBG,36
SBG,SLJ,13
SBG,TLJ,23
SBG,KPTO,1
SLJ,MJP,14
SLJ,KPTO,1
SLJ,TLJ,1
MJP,KPTO,12
MJP,TLJ,2
KPTO,TLJ,13
KPTO,TPH,2
TLJ,KXE,14
TLJ,TPH,25
KXE,TPH,14
TPH,DDX,12
TPH,MRLI,2
TPH,BKLE,29
DDX,BKLE,12
BKLE,BHW,40
BHW,BDAG,29
BHW,GMAN,11
BHW,KLP,2
BDAG,BDBS,61
BDAG,PKR,59
BDAG,GMAN,2
BDAG,TDLE,18
BDBS,TDLE,61
TDLE,NFK,76
TDLE,DGLE,1
TDLE,BQZ,1
NFK,BQZ,26
NFK,CMX,93
BQZ,SXP,27
SXP,DGLE,27
DGLE,BDBP,6
DGLE,NILE,22
BDBP,NILE,6
NILE,SPLE,28
SPLE,AHN,28
AHN,JRLE,28
JRLE,GALE,8
JRLE,LGL,14
JRLE,MGLE,6
GALE,MGLE,8
MGLE,NWMS,27
MGLE,LGL,14
MGLE,MPLE,1
NWMS,MPLE,27
MPLE,MPLR,28
MPLR,PRDG,28
PRDG,ACLE,28
ACLE,AZ,29
ACLE,SDI,4
ACLE,GSGB,2
KOP,VV,19
VV,RKD,38
RKD,HTK,38
HTK,NMGT,38
NMGT,JSP,38
VRB,SLI,45
SLI,MDVR,44
MDVR,NDE,44
NDE,BVQ,44
BVQ,KOV,44
KOV,TKR,44
TKR,BVNR,44
BVNR,SNE,44
SNE,KRD,44
KRD,SIW,43
SIW,MSR,44
MSR,TAZ,43
TAZ,RMP,44
RMP,KRG,44
KRG,STR,43
STR,JSV,43
JSV,PLV,44
PLV,WTR,44
WTR,AKI,44
AKI,SLP,44
SLP,LNN,44
LNN,NIRA,44
NIRA,WLH,44
WLH,DNJ,44
DNJ,JJR,44
JJR,RJW,44
RJW,ABLE,44
ABLE,SHIV,44
SHIV,ALN,44
ALN,FSG,44
FSG,SSV,44
SSV,GPR,44
SZM,DAZ,83
DAZ,NDAZ,83
NDAZ,ANDI,86
ANDI,BHD,85
BHD,KHKN,85
KHKN,HUK,85
HUK,NUR,85
NUR,RDDE,85
RDDE,HNN,85
HNN,SNP,85
SNP,SLKN,85
SLKN,RUG,85
RUG,GNU,85
GNU,BDMJ,85
BDMJ,SMK,85
SMK,DWNA,85
DWNA,PNP,83
PNP,BBDE,86
PNP,ASAN,6
PNP,BNJL,6
PNP,NLH,5
BBDE,KFU,86
KFU,GRA,86
GRA,BZJT,86
BZJT,KUN,84
BZJT,BZK,2
KUN,BZK,84
KUN,RMF,2
KUN,WDM,2
BZK,TRR,86
TRR,NLKR,86
NLKR,AMIN,86
AMIN,KKDE,86
KKDE,DHKR,86
KKDE,TNDE,4
DHKR,DPP,86
DPP,DHMZ,86
DHMZ,SHDM,86
SHDM,MOY,86
MOY,UMB,86
UMB,UBC,149
UMB,DKT,38
UMB,NZM,2
UMB,DSJ,2
UBC,SMU,154
SMU,RPJ,154
RPJ,SBJ,131
RPJ,KLI,23
SBJ,SDY,131
SDY,SIR,131
SIR,GVG,129
SIR,FGSB,6
GVG,KNN,129
KNN,CHA,129
CHA,DOA,129
DOA,SNL,129
SNL,DDL,129
DDL,LDH,128
DDL,LDW,1
LDH,LDW,150
LDH,MG,6
LDH,GILL,25
LDH,ASR,1
LDW,PHR,152
PHR,GRY,148
PHR,NRM,2
PHR,PPB,2
GRY,BTTN,148
BTTN,MLIH,148
MLIH,PGW,148
PGW,CEU,150
PGW,MYE,2
CEU,JRC,150
JRC,JUC,93
JRC,SCPD,73
JRC,BLND,6
JUC,SRX,79
JUC,DAVJ,7
SRX,KRE,79
KRE,HMR,79
HMR,DIW,79
DIW,BEAS,78
DIW,BBKR,1
BEAS,BBKR,78
BEAS,BTI,1
BBKR,BTR,79
BTR,TRA,79
TRA,JNL,79
JNL,MOW,79
MOW,ASR,43
GTU,PRLI,21
GTU,MRTY,22
PRLI,UKH,22
MRTY,PNF,22
PNF,KRPR,22
KRPR,JOA,22
JOA,WDLN,22
WDLN,LTRR,22
LTRR,GANI,10
LTRR,CKX,16
GANI,BANL,10
BANL,LUR,10
LUR,HGL,11
HGL,OSA,12
OSA,NEI,12
NEI,MRX,12
MRX,PCP,12
PCP,TER,12
TER,DKY,12
DKY,KMRD,12
KMRD,YSI,12
YSI,UMD,12
UMD,PJR,12
PJR,KCB,12
KCB,BTW,12
BTW,UPI,12
UPI,SEI,12
SEI,MGO,12
MGO,CNHL,12
LAUL,MLB,10
MLB,AHI,10
AHI,BBV,10
BBV,PVR,8
PVR,BHLI,7
BHLI,BMNI,8
BMNI,SGLA,8
SGLA,WSD,8
WSD,JVA,8
JVA,JTRD,8
JTRD,GLV,8
GLV,DLGN,8
DLGN,LNP,8
LNP,KVK,8
KVK,AGDL,8
AGDL,SGRE,8
SGRE,BLNK,8
BLNK,ARAG,8
ARAG,BLWD,2
MTPR,UHL,4
MTPR,NNGL,8
NNGL,NLDM,7
NLDM,ANSB,8
ANSB,KART,10
KART,BARJ,10
BARJ,GANL,10
GANL,RPAR,10
RPAR,MNPR,10
MNPR,KRLI,10
KRLI,MRND,10
MRND,KRHR,8
MRND,NGWN,6
KRHR,SASN,8
SASN,CDG,7
CDG,GHG,34
CDG,CNDM,21
GHG,DHPR,40
DHPR,LLU,40
LLU,DKT,40
AMM,ATQ,6
AMM,TVR,2
ATQ,KKDI,3
MG,BWZ,10
BWZ,BQH,10
BQH,MLX,10
MLX,CKM,10
CKM,JGN,10
JGN,NNKR,10
NNKR,AJL,10
AJL,PMH,10
PMH,MOGA,10
MOGA,DAU,10
DAU,MSSD,10
MSSD,TWB,10
TWB,SULH,10
SULH,PHS,10
PHS,FZR,4
PHS,DDK,3
JMP,SRB,2
JMP,DRTP,48
JMP,BUP,49
SRB,DRTP,3
DRTP,DRH,56
DRH,MSDN,15
DRH,AHA,41
MSDN,AHA,15
AHA,KJH,55
AHA,UREN,1
KJH,UREN,17
KJH,DNRE,38
UREN,PWBN,4
UREN,DNRE,11
PWBN,DNRE,4
DNRE,RMPR,5
BHC,BUDR,113
BHC,RNTL,111
BUDR,KPLD,115
KPLD,KED,115
KED,MZZ,115
MZZ,DLPT,115
DLPT,BTV,115
BTV,KRIH,115
KRIH,JJKR,114
JJKR,JKPR,112
JKPR,BRMI,112
JKPR,SKND,4
JKPR,JEN,4
BRMI,JEN,112
JEN,NGMP,116
NGMP,HDS,116
HDS,DNM,116
DNM,BRTG,118
BRTG,BYY,118
BYY,SJDR,118
SJDR,KIS,118
KIS,NRG,125
KIS,MACR,9
NRG,KNPR,117
MACR,KNPR,9
KNPR,CTC,126
KNPR,SQQ,16
GMAN,KLP,14
GMAN,PKR,1
KLP,TBB,13
KLP,PKR,3
TBB,PKR,13
PKR,NGF,76
NGF,RJG,75
NGF,BSBR,1
RJG,BSBR,75
BSBR,MRR,76
MRR,CTR,76
CTR,NHT,75
CTR,SDLE,1
NHT,SDLE,81
NHT,TKP,6
SDLE,RPH,78
NCR,VXM,5
VXM,NPB,10
NPB,NGT,10
NGT,APE,12
APE,SKK,12
SKK,KVL,12
KVL,KOQ,12
KOQ,AYM,12
AYM,TVR,12
TVR,KU,12
KU,TMU,12
TMU,KDE,12
KDE,NMJ,12
NMJ,KYV,14
NMJ,MQ,1
KYV,AMT,14
AMT,SMM,14
SMM,KXO,14
KXO,MAV,14
MAV,TJ,14
TJ,ALK,36
TJ,TT,29
TJ,PML,2
ALK,BAL,36
BAL,AYN,34
BAL,SGM,2
AYN,SGM,34
SGM,TOM,36
TOM,TRB,36
TRB,MCJ,36
MCJ,GOC,36
GOC,TPJ,69
GOC,TPTN,44
TPJ,TPE,20
TPJ,PUG,43
TPJ,KRMG,8
TPJ,KLS,2
TPE,TP,24
TP,MTNL,24
MTNL,MKY,24
MKY,JPM,24
JPM,EL,24
EL,PGN,24
PGN,PLI,24
PLI,MUQ,24
MUQ,KLT,24
KLT,TIC,24
TIC,LP,24
LP,MMH,24
MMH,SEV,24
SEV,MYU,24
MYU,MVS,24
MVS,VRQ,24
VRQ,KRR,24
KRR,MPLM,42
KRR,VEI,18
MPLM,PGR,42
PGR,KMD,42
KMD,URL,42
URL,PAS,42
PAS,CVD,42
PTJ,MDKI,107
MDKI,ETMD,107
ETMD,WRA,107
WRA,KJKD,107
KJKD,PGT,107
PGT,PLL,109
PGT,PGTN,2
PLL,MNY,111
MNY,LDY,111
LDY,PLPM,111
PLPM,OTP,111
OTP,MNUR,111
MNUR,VTK,50
MNUR,SRR,61
VTK,MUC,155
VTK,SRR,102
MUC,WKI,155
WKI,MGK,155
OLR,PUK,161
PUK,NYI,161
NYI,IJK,161
IJK,CKI,161
CKI,DINR,161
DINR,KRAN,161
KRAN,KUC,161
KUC,AFK,161
AFK,CWR,161
CWR,AWY,161
AWY,KLMR,161
KLMR,IPL,161
IPL,ERN,161
ERN,TRTR,19
WRC,URK,103
URK,MDH,104
MDH,SLH,104
SLH,BKTH,104
BKTH,TLD,104
TLD,HN,104
HN,BYT,103
HN,NPI,1
BYT,NPI,103
NPI,DGS,104
DGS,BYL,104
BYL,CHBT,104
CHBT,DPH,104
DPH,BSP,94
BSP,GTW,71
UKR,NPRD,8
NPRD,DTL,8
DTL,NGE,8
NGE,BRH,8
BRH,KTO,8
KTO,SPDR,8
SPDR,SJQ,8
SJQ,KJZ,8
KJZ,BSPR,8
BSPR,KLPG,8
KLPG,ABKP,4
JGD,MMD,3
JGD,SAPT,8
JGD,KBSH,8
MMD,KBSH,8
MMD,GRD,5
KIR,SMO,63
KIR,DLF,10
KIR,MNS,3
KIR,NYT,61
KIR,CRR,6
KIR,MIYN,1
KIR,LAV,6
KIR,SI,1
SMO,CRR,17
SMO,BRZR,47
SMO,KUE,5
CRR,KUE,22
CRR,NNA,3
KUE,KTRH,74
KUE,BRZR,47
KTRH,NNA,74
NNA,THB,77
THB,NNR,77
NNR,PSR,77
PSR,MSK,77
MSK,MNE,77
MNE,KGG,99
MNE,BHB,26
KGG,UMNR,79
KGG,OLP,21
UMNR,SKJ,79
SKJ,LKN,79
LKN,DPL,79
DPL,LAK,79
LAK,BGS,80
BGS,TIL,78
UDZ,UMRA,2
UDZ,RPZ,10
UMRA,ZW,2
UMRA,KRCD,2
ZW,JYM,2
ZW,KRCD,2
ZW,PDQ,2
JYM,SZK,4
JYM,PDQ,2
SZK,SES,4
SES,RDD,2
SES,KDLG,2
RDD,DNRP,2
RDD,KDLG,2
RDD,KTOA,2
DNRP,BHWA,4
DNRP,KTOA,2
BHWA,SJS,2
BHWA,JO,2
SJS,VRV,4
SJS,LSD,2
VRV,RGQ,8
RGQ,HMT,4
HMT,HPRD,10
HMT,MHDP,4
HPRD,SNSN,12
SNSN,PRJ,12
PRJ,KIA,12
KIA,TOD,12
TOD,KOY,12
KOY,RKH,12
RKH,JLM,12
JLM,NHM,12
NHM,SAHP,2
NHM,DBO,12
SAHP,MDRA,26
MDRA,NRD,38
MDRA,DBO,12
NRD,SDGM,40
NRD,DBO,2
SDGM,ASV,16
BGLI,LEDO,3
BGLI,MRG,6
MRG,DBY,6
DBY,TII,6
TII,MJN,6
GTW,JRMG,75
JRMG,KTSH,75
KTSH,AKT,75
AKT,KPNA,75
KPNA,NIA,75
NIA,CPH,75
CPH,SGRD,61
CPH,BPRH,14
SGRD,BUA,61
BUA,JDDA,59
BUA,SKT,2
JDDA,SKT,59
SKT,JDI,61
JDI,KHS,61
KHS,ROB,61
ROB,BEF,61
BEF,KDTR,61
KDTR,RIG,59
APDJ,KAMG,22
APDJ,RVK,25
KAMG,JOQ,88
KAMG,SMTA,72
JOQ,SRPB,89
JOQ,SMTA,1
SRPB,GOGH,45
SRPB,CROA,44
GOGH,FKM,45
FKM,KOJ,90
FKM,CROA,44
FKM,SPX,2
KOJ,SLKX,91
SLKX,BSGN,91
BSGN,DTX,91
DTX,NBQ,91
NBQ,BNGN,64
NBQ,MZQ,28
NBQ,KYQ,2
BNGN,CPQ,65
CPQ,BJF,65
BJF,PTLD,65
PTLD,SBE,65
SBE,BPRD,65
BPRD,SPQ,65
SPQ,PBL,65
PBL,TIHU,65
TIHU,KTCH,65
KTCH,NLV,65
NLV,GOE,65
GOE,RNY,65
RNY,KDKN,65
KDKN,BIZ,65
BIZ,CGS,65
CGS,AGT,65
AGT,KYQ,62
KYQ,GHY,52
KYQ,AZA,22
BHK,KSJ,12
BHK,SWRT,18
KSJ,MHA,12
SWRT,GWA,16
SWRT,GRAK,2
GWA,PTI,18
GWA,GRAK,2
PTI,NHX,18
NHX,DRO,18
DRO,BAPR,18
BAPR,RDN,18
RDN,KXF,18
KXF,KMJ,18
KMJ,BHTS,18
BHTS,SSD,18
SSD,FBD,13
SSD,SHX,2
FBD,FGR,16
FBD,BGQ,2
FBD,SRDW,3
FBD,HSY,2
FGR,YAG,20
YAG,KLJ,20
KLJ,SGRP,20
SGRP,KDJ,20
KDJ,MLKP,20
MLKP,GHJ,20
GHJ,KHDP,20
KHDP,JDA,20
JDA,JPP,20
JPP,KJNC,20
KJNC,KJN,20
KJN,MNMU,20
MNMU,ARL,19
MNMU,GWP,1
ARL,BLU,19
ARL,BKTS,1
ARL,GWP,1
BLU,DUO,20
BLU,BKTS,1
DUO,UTP,20
UTP,BJR,20
BJR,CBR,20
CBR,MDA,20
MDA,KAP,20
KAP,RPO,20
RPO,CPA,19
CMA,JTTN,8
JTTN,RWH,6
KLK,TSL,6
KLK,CNDM,12
TSL,GMM,12
GMM,KOTI,12
KOTI,SWO,12
SWO,DMP,12
DMP,KMTI,12
KMTI,BOF,12
BOF,SOL,12
SOL,SLR,12
SLR,KDZ,12
KDZ,KANO,12
KANO,KEJ,12
KEJ,SGS,12
SGS,TVI,12
TVI,JTO,12
JTO,SHZ,12
SHZ,SML,6
HAUR,RDU,139
HAUR,KHAI,2
RDU,DUAN,139
DUAN,BCK,139
BCK,SMCK,139
SMCK,MPD,139
MPD,JPR,139
JPR,KGP,138
KGP,HIJ,99
KGP,NMP,59
KGP,GMDN,37
HIJ,BPE,113
HIJ,GMDN,2
HIJ,KKQ,4
HIJ,GKL,4
BPE,NYA,113
NYA,VKD,113
VKD,CNT,113
CNT,BLDA,113
BLDA,NSI,113
NSI,DNT,113
DNT,AGV,113
AGV,LXD,113
LXD,JER,113
JER,RGT,113
RGT,ARD,113
ARD,BTS,113
BTS,NMBR,113
NMBR,ROP,113
ROP,HIP,113
ROP,TKH,4
HIP,TKPL,113
TKPL,BLS,113
BLS,NGRD,113
NGRD,KHF,113
KHF,PNPN,113
PNPN,BNBR,113
BNBR,SORO,113
SORO,SZZ,113
SZZ,MKO,113
MKO,RNTL,113
CTC,KTJI,142
CTC,MTND,1
CTC,RJGR,5
CTC,PTAB,2
KTJI,GBK,141
KTJI,KDRP,4
GBK,BRAG,141
BRAG,PTAB,152
BRAG,NQR,21
BRAG,RJGR,2
PTAB,MCS,154
MCS,BNBH,154
BNBH,BBS,141
BBS,LGTR,141
LGTR,RTN,153
RTN,KUR,151
KUR,ARGL,97
KUR,HPGM,76
ARGL,KPXR,97
KPXR,DLMH,97
DLMH,TAP,97
TAP,GLBA,97
GLBA,NKP,97
NKP,BSDP,97
BSDP,MKTP,97
MKTP,KAPG,97
KAPG,KUU,97
KUU,GNGD,97
GNGD,SLZ,97
SLZ,BALU,97
BALU,CLKA,97
CLKA,KLJI,97
KLJI,KIT,97
KIT,RBA,97
RBA,HMA,97
HMA,GAM,97
GAM,CAPC,97
CAPC,CAP,97
CAP,NRSP,97
NRSP,JNP,97
JNP,BAM,96
BAM,GTA,95
GTA,SLRD,95
SLRD,IPM,95
IPM,JPI,95
JPI,SPT,95
SPT,BAV,95
BAV,MMS,95
MMS,SUDV,95
VSKP,DVD,16
DVD,THY,131
DVD,GPT,2
THY,AKP,132
AKP,KSK,132
KSK,BVM,132
BVM,NASP,132
NASP,YLM,132
YLM,REG,132
REG,NRP,132
NRP,GLU,132
GLU,TUNI,132
TUNI,HVM,132
HVM,TMPM,132
TMPM,ANV,132
ANV,RVD,132
RVD,DGDG,132
DGDG,GLP,132
GLP,PAP,132
BBQ,VJM,114
BBQ,MAS,113
RIG,KRL,57
MDDG,SSI,8
SSI,SSF,8
SSF,KFH,8
KFH,BRMT,4
ANK,NSL,38
ANK,YL,71
NSL,TR,40
NSL,RGO,1
TR,RGO,41
RGO,PSD,42
PSD,LSR,42
LSR,POZ,42
POZ,DLB,42
DLB,AWB,41
PCZ,KRA,15
KRA,GHPU,15
GHPU,CMW,15
CMW,TPY,15
TPY,BTPD,15
BTPD,BDCR,12
BDCR,AWM,7
BDCR,GLE,2
AWM,MUGR,3
CGL,PWU,75
CGL,OV,67
CGL,RDY,15
PWU,SKL,89
SKL,MMNK,89
MMNK,CTM,89
CTM,POTI,89
POTI,GI,89
GI,UPM,89
UPM,VDR,88
VDR,PRGL,89
BBN,BJMD,2
BJMD,NOMD,6
BJMD,GUA,1
NOMD,PDPH,5
NOMD,DPS,1
PDPH,DPS,5
DPS,MLKA,6
MLKA,KNPS,6
KNPS,TABU,6
TABU,JNK,6
JNK,SIPA,6
SIPA,CBSA,6
CBSA,PRSL,6
PRSL,RKSN,6
RKSN,MMV,60
RKSN,BRM,54
MMV,SINI,60
SINI,BRBS,68
SINI,KND,26
SINI,GMH,2
BRBS,GMH,67
BRBS,TATA,1
GMH,ADTP,86
GMH,BIRP,13
GMH,KND,4
ADTP,TATA,69
TATA,SLJR,57
TATA,BKSC,2
TATA,NUQ,1
TATA,HLD,1
TATA,BIRP,1
SLJR,ASB,60
ASB,RHE,60
RHE,GUD,60
GUD,GTS,60
GTS,DVM,60
DVM,KKPR,60
KKPR,CKU,60
CKU,KNM,60
KNM,GII,60
GII,KATB,60
KATB,JGM,59
JGM,BNB,61
BNB,SUA,64
SUA,KSO,64
KSO,KKQ,64
KKQ,NMP,60
SBM,SHC,13
SBM,SBV,24
SBM,BYP,1
SBM,PMYA,1
SHC,PGC,6
SHC,BYP,3
SHC,PMYA,1
SHC,KKNH,1
SBV,KFA,26
KFA,DHT,25
KFA,FNO,1
DHT,BHB,26
DHT,FNO,1
KNO,UBL,41
KNO,SNH,50
UBL,KUG,32
SNH,GDI,50
GDI,KALS,50
KALS,YLG,50
YLG,SVNR,50
SVNR,KVS,50
KVS,KJG,50
KJG,HVR,50
HVR,BYD,50
BYD,DAD,50
DAD,RNR,50
RNR,CLI,50
CLI,HRR,50
HRR,DVG,51
DVG,THN,52
THN,HNH,52
HNH,KAG,52
KAG,MYK,52
MYK,SLU,52
SLU,JRU,51
JRU,HLK,49
JRU,CKVD,4
JRU,AMC,2
HLK,RGI,49
RGI,ABGT,49
ABGT,HSD,49
HSD,SHV,48
HSD,AJP,1
SHV,AJP,48
AJP,NVF,49
NVF,RRB,49
RRB,DRU,62
RRB,SPV,16
DRU,BLKR,62
BLKR,VNR,62
VNR,BVR,62
BVR,ASK,61
ASK,ADHL,51
ASK,DUH,14
ASK,HHT,2
ADHL,HVL,52
HVL,SSNH,52
SSNH,TTR,52
TTR,BNK,52
BNK,RDI,52
RDI,ARGP,52
ARGP,BSN,52
BSN,AMSA,52
AMSA,SPGR,52
SPGR,NTR,52
NTR,GBB,52
GBB,MLSA,52
MLSA,HEI,52
HEI,TK,52
TK,KIAT,54
KIAT,HHL,56
HHL,DBS,56
DBS,NDV,56
NDV,MDLL,56
MDLL,DBL,56
DBL,BNKH,56
BNKH,GHL,56
GHL,SDVL,56
SDVL,BAW,56
BAW,YPR,49
YPR,MWM,51
YPR,LOGH,48
SCE,NGAN,4
SCE,BEE,4
SCE,HBN,2
NGAN,BEE,4
BEE,PUQ,4
BEE,PUY,4
PUQ,SMGR,4
SMGR,AONI,4
AONI,SLON,4
SLON,JKB,4
JKB,SHTT,2
KDF,RMGJ,10
RMGJ,PPU,10
KBE,CHBR,10
KBE,DWJ,4
CHBR,KJA,10
KJA,MEQ,10
MEQ,BTKD,10
BTKD,MSOD,4
HKH,MHOW,19
HKH,RAU,32
MHOW,PTP,8
RAU,RJQ,32
RJQ,LKMN,32
LKMN,SFNR,32
SFNR,INDM,31
INDM,LMNR,29
LMNR,INDB,41
LMNR,MGG,61
LMNR,PLA,22
MSRP,MTJ,58
MSRP,CRG,60
MTJ,BAD,148
MTJ,BTSR,199
MTJ,MRT,12
MTJ,AH,6
CRG,JJA,60
JJA,RKR,60
RKR,DUM,60
DUM,BTE,59
BTE,SWAR,58
BTE,NHB,33
BTE,HK,33
SWAR,JCU,58
JCU,PNGR,58
PNGR,KEV,58
KEV,BXN,58
BXN,DY,84
BXN,BAMA,27
DY,FSP,85
FSP,DNHK,85
DNHK,HAN,85
HAN,SMBJ,85
SMBJ,KNDP,85
KNDP,PDZ,85
PDZ,COO,85
COO,GGC,85
GGC,LRU,85
LRU,NNW,85
NNW,NMD,85
NMD,MLZ,85
MLZ,MXL,85
MXL,RNT,85
RNT,SWM,84
SWM,KTA,114
SWM,DPZ,46
KTA,RWJ,114
RWJ,AMLI,114
AMLI,IDG,114
IDG,LKE,114
LKE,LBN,114
LBN,GKB,114
GKB,KPZ,114
KPZ,ARE,114
ARE,KPTN,113
ARE,GQL,1
KPTN,GQL,113
KPTN,KOTA,1
GQL,KOTA,120
GQL,THEA,10
KOTA,DKNT,98
KOTA,DXD,10
DKNT,DDV,100
DDV,ALNI,100
ALNI,DKQ,100
DKQ,RDT,100
RDT,DARA,100
DARA,KIW,100
KIW,MKX,100
MKX,RMA,98
MKX,JHW,2
RMA,JHW,98
JHW,DKRA,100
DKRA,BWM,100
BWM,KRLS,100
KRLS,GOH,100
GOH,SGZ,100
SGZ,SVA,100
SVA,NKH,100
NKH,CMU,100
CMU,TLZ,100
TLZ,THUR,100
THUR,VMA,100
VMA,LNR,100
LNR,MEP,100
MEP,RLK,100
KJS,MYS,8
KJS,KRNR,14
KJS,KLYH,4
KJS,BLGA,4
MYS,MNGT,23
MYS,CMJ,8
MYS,BLGA,2
KRNR,AKK,14
KRNR,HPA,4
KRNR,DOY,4
AKK,MGF,14
AKK,BRBL,4
AKK,HAH,4
MGF,HLN,14
MGF,SRVN,4
MGF,BRBL,4
HLN,HAS,14
HLN,MVC,4
HLN,ANC,4
HAS,DUH,14
HAS,ALUR,4
HAS,BGPA,4
HAS,MVC,4
SPV,KRNH,18
KRNH,TKE,18
TKE,MSS,18
MSS,BDVT,18
BDVT,SME,18
SME,SMET,10
SMET,HNHL,2
HNHL,ARU,2
ARU,ANF,2
ANF,SRF,2
SRF,TLGP,1
ASR,VKA,12
ASR,CIA,1
FZR,KBU,14
FZR,SWX,2
FZR,MFM,9
FZR,FZP,1
KBU,GHA,20
GHA,PKZ,20
PKZ,FDK,20
FDK,GZS,20
GZS,KKP,20
KKP,RLS,22
KKP,WDJ,2
RLS,AJTM,22
AJTM,GJUT,22
GJUT,CBX,22
CBX,GNA,22
GNA,BTI,19
BTI,SGA,10
BTI,KZW,15
BTI,BWX,22
BTI,BTIC,20
BTI,GSW,15
SGA,RMN,12
RMN,KNL,12
KNL,BGD,12
BGD,SSA,11
SSA,SHN,12
SHN,JOK,13
SHN,DING,1
JOK,DING,13
DING,BHT,14
BHT,ADR,14
ADR,JKHI,14
JKHI,HSR,13
HSR,STD,18
HSR,RPHR,8
HSR,CRW,3
STD,HNS,22
HNS,JKZ,22
JKZ,BWK,22
BWK,BNW,22
BNW,MHU,20
BNW,BNWC,14
MHU,CKD,22
CKD,PUW,22
PUW,JRL,22
JRL,SDRA,22
SDRA,KSI,22
KSI,NLQ,22
NLQ,JTS,22
JTS,KGBS,22
MGG,BLAX,61
BLAX,DWX,61
DWX,NRGR,45
DWX,AJKI,16
NRGR,UDM,45
UDM,KDHA,45
KDHA,VRG,45
SUW,BVB,190
BVB,DWG,190
DWG,SMT,190
SMT,SCI,190
SCI,BHS,190
BHS,SORI,190
SORI,SUMR,190
SUMR,GLG,190
GLG,PAI,190
PAI,BAQ,190
BAQ,RKRI,188
BAQ,BET,2
RKRI,BET,188
BET,KAH,190
KAH,MABA,190
MABA,KIKA,190
AGD,KOA,190
AGD,BJQ,10
KOA,MXS,190
MXS,DUA,190
DUA,JLN,190
JLN,JRO,190
JRO,LAR,190
LAR,DWA,190
DWA,JHA,190
JHA,BJA,190
BJA,TBT,190
TBT,MZX,190
MZX,BZY,190
BZY,BPW,190
BPW,BAB,190
BAB,KHJ,190
KHJ,BJI,190
BJI,JHS,186
BJI,KRQ,2
JHS,KRQ,150
JHS,ORC,18
KRQ,DAA,155
DAA,SOR,155
SOR,KTRA,155
KTRA,DBA,155
DBA,SMTL,155
SMTL,AEH,155
AEH,ARI,155
ARI,STLI,155
STLI,GWL,151
GWL,BLNR,159
GWL,GHAI,10
GWL,PNHR,1
GWL,GWO,2
BLNR,RRU,155
BLNR,BBY,8
RRU,BAO,155
BAO,NUB,155
NUB,SANK,155
SANK,MRA,155
MRA,SIKD,155
SIKD,HET,155
HET,DHO,155
DHO,MIA,155
DHO,GIS,2
MIA,JJ,155
JJ,BHA,155
BHA,AGC,151
AGC,RKM,161
AGC,IDH,3
AGC,JAB,1
RKM,BFP,152
RKM,AGA,13
BFP,RNKA,152
RNKA,KXM,152
KXM,FHT,152
FHT,FAR,152
FAR,BAD,152
BTSR,VRBD,196
BTSR,GDO,6
VRBD,AJH,196
AJH,CHJ,196
CHJ,KSV,196
KSV,HDL,197
HDL,SHLK,198
SHLK,RDE,198
RDE,PWL,198
PWL,AST,199
AST,BVH,200
BVH,FDN,200
FDN,FDB,200
FDB,TKD,200
TKD,OKA,200
OKA,NZM,149
OKA,LPNR,4
OKA,PGMD,1
NZM,PGMD,101
NZM,LPNR,8
SCPD,DRE,73
DRE,AWL,73
AWL,KKL,73
KKL,BPRS,73
BPRS,CGH,73
CGH,TDO,73
TDO,KZX,73
KZX,GSB,73
GSB,DZA,72
GSB,UCB,1
DZA,UCB,72
DZA,JAT,1
UCB,MEX,73
MEX,BNGL,73
BNGL,CKKN,73
CKKN,MRTL,73
MRTL,GILA,73
GILA,KNDI,73
KNDI,CHKB,71
KNDI,BHRL,1
KNDI,PTK,1
CHKB,BHRL,71
BHRL,SJNP,74
BHRL,SRM,16
BHRL,PTK,25
SJNP,MDPB,75
SJNP,PTK,1
MDPB,KTHU,75
KTHU,BDHY,75
BDHY,CHNR,75
CHNR,CKDL,75
CKDL,HRNR,75
HRNR,GHGL,75
GHGL,SMBX,75
SMBX,VJPJ,75
VJPJ,BBMN,75
BBMN,JAT,41
MALA,SG,4
MALA,DYU,8
MALA,SNDY,8
SG,SNDY,8
SG,PRSP,4
CCT,COA,4
KZJ,PQL,97
PQL,GNP,97
GNP,RGP,97
RGP,ZN,97
ZN,PBP,97
PBP,ALER,97
ALER,WP,97
WP,RAG,97
RAG,BG,97
BG,PGDP,97
PGDP,BN,121
PGDP,NRDP,24
BN,GT,121
GT,CHZ,121
CHZ,MLY,110
NPL,SKP,57
SKP,RPK,57
RPK,GGD,57
GGD,CTF,57
CTF,VKB,55
VKB,SSPD,16
VKB,GDQ,41
SSPD,MRF,16
MRF,KOHR,16
KOHR,ZB,16
ZB,MTV,16
MTV,BIDR,16
BIDR,KHNP,16
KHNP,HBU,16
HBU,BHLK,16
BHLK,KCP,16
KCP,KMNR,16
KMNR,UDGR,16
UDGR,KTKR,16
KTKR,HER,16
HER,AMBR,16
AMBR,CKX,16
UKH,VDGN,24
VDGN,GNH,24
GNH,DNDI,24
DNDI,PKNS,24
PKNS,SNGR,24
SNGR,PBN,24
PBN,PG,42
PBN,PIZ,47
PG,DAV,42
DAV,MVO,42
MVO,DGPP,42
DGPP,SELU,42
SELU,SCO,42
SCO,UPR,42
UPR,PTU,42
PTU,PDG,42
PDG,RNE,42
RNE,KODI,42
KODI,SVD,42
SVD,J,42
J,BDU,42
BDU,KMV,42
KMV,CTH,42
CTH,MKDD,42
MKDD,AWB,41
YL,KPG,72
KPG,SNVR,72
SNVR,KNGN,72
KNGN,PB,72
PB,CIT,63
PB,SNSI,14
MKPR,RBZ,45
MKPR,KSP,13
RBZ,HYT,61
RBZ,KSP,16
HYT,TLWA,61
TLWA,LSI,61
LSI,DBG,42
DBG,KKHT,23
DBG,MHP,6
KKHT,TRS,11
KKHT,BJIH,5
PDW,MBI,24
PDW,UGNA,3
MBI,RJA,24
RJA,LLPR,24
LLPR,KJI,24
KJI,JYG,11
KJI,KRHA,3
SSB,MGLP,54
NRVR,DLPI,14
DLPI,BRSQ,14
BRSQ,SDPR,14
SDPR,CNKP,14
CNKP,DSJ,14
DSJ,SOJ,16
SOJ,LDCY,16
LDCY,SWNR,16
SWNR,LPNR,16
ADE,VRL,13
ADE,CVR,21
VRL,SVB,4
VRL,SMNH,4
CVR,MLHA,21
MLHA,KSD,21
KSD,BDDR,21
BDDR,LAL,21
LAL,BNTH,21
BNTH,SHH,21
SHH,JND,21
JND,VAL,21
JND,TORA,2
VAL,CKE,21
CKE,JLR,21
JLR,DJI,6
JLR,NUD,23
JLR,JTP,2
DJI,SPD,6
SPD,UA,6
UA,BHY,6
BHY,PLM,6
PLM,JDH,6
JDH,WAB,6
WAB,KTLA,6
NUPR,PTK,6
NUPR,TLRA,14
NUPR,KAWL,3
NUPR,DLSR,1
PTK,DLSR,1
TLRA,BLDL,12
TLRA,BRMR,2
BLDL,BRMR,12
BRMR,JWLS,14
JWLS,HRDR,14
HRDR,MGRP,12
HRDR,NGRS,2
MGRP,NGRS,12
NGRS,BRHL,13
NGRS,NDBT,1
BRHL,NDBT,13
NDBT,GULR,14
GULR,LNS,12
GULR,TRPL,1
GULR,JMKR,1
LNS,TRPL,12
TRPL,JMKR,12
JMKR,KPLR,12
KPLR,KGRA,12
KGRA,KGMR,12
KGMR,SMLT,11
KGMR,NGRT,1
SMLT,NGRT,11
NGRT,CMMG,11
NGRT,PRAR,1
CMMG,PRAR,11
PRAR,SLHP,10
PRAR,PLMX,2
SLHP,PLMX,10
PLMX,PHRH,5
PLMX,PTRJ,7
PHRH,MNHL,9
PHRH,PTRJ,6
PHRH,BJPL,1
MNHL,BJPL,7
MNHL,PTRJ,1
MUV,BHLP,35
BHLP,HDT,38
HDT,NTU,32
HDT,RTB,6
NTU,KWH,38
NTU,RTB,6
KWH,KFK,38
KFK,MBS,38
MBS,AHM,38
AHM,ALMW,38
ALMW,SJGH,38
SJGH,JGG,38
JGG,GYN,50
GYN,ATRR,38
ATRR,BYH,38
BYH,HDK,38
HDK,SDC,38
SDC,RTR,38
RTR,JI,38
JI,DRGJ,38
DRGJ,ALY,34
CIT,BAP,63
BAP,NPW,63
NPW,PDGN,63
PDGN,TKMY,63
TKMY,RRI,63
RRI,VBR,63
VBR,VL,63
VL,ANG,63
ANG,AKR,63
AKR,SRL,63
SRL,RNJD,63
RNJD,VPR,63
VPR,BWD,63
BWD,SGND,63
SGND,KSTH,62
PIZ,MQL,48
GDQ,MWY,41
MWY,DRR,41
DRR,RMY,41
RMY,TDU,40
TDU,MVH,39
MVH,NAW,39
NAW,KQT,39
KQT,SEM,39
SEM,MQR,39
MQR,CT,39
CT,SUH,29
NGM,MKJ,41
KDGH,LOGH,41
LOGH,HEB,34
KLQ,QLN,4
KLQ,CTPE,8
QLN,PRND,106
QLN,IRP,100
CTPE,KUV,8
KUV,KFV,8
KFV,EKN,8
EKN,KKZ,8
KKZ,AVS,8
AVS,PUU,4
TPT,KEY,124
KEY,KNNT,124
KNNT,SLY,124
SLY,DST,124
DST,DPI,124
DPI,MAP,124
MAP,TNGR,124
TNGR,BDY,124
BDY,BQI,124
BQI,LCR,124
LCR,DSPT,124
DSPT,TNT,124
TNT,KPPR,124
MCPT,MCPK,73
MCPK,MTCN,73
MTCN,MLHS,73
MLHS,MTMY,73
MTMY,MNDY,73
MNDY,GWYR,73
GWYR,KTPM,73
KTPM,KTBR,73
KTBR,TYMR,73
TYMR,TRMN,73
TRMN,PRGD,73
PRGD,VLCY,3
TAY,TEN,36
TAY,GDN,42
TEN,MP,31
TEN,PCO,7
GDN,NRK,42
NRK,MEJ,42
MEJ,IVL,44
MEJ,PYM,10
IVL,KDU,44
KDU,CVP,44
CVP,SRT,44
SRT,TY,44
TY,VPT,44
VPT,KGD,52
VPT,TTL,8
KGD,SVK,47
KGD,TMQ,5
SVK,TMQ,47
TMQ,TDN,52
TDN,MDU,48
MDU,KON,54
MDU,MES,7
KON,SER,62
KON,SDN,2
SER,SDN,62
SDN,KYR,62
SDN,KQN,2
KYR,VDP,62
VDP,KQN,62
KQN,ABI,64
ABI,VO,62
ABI,DG,2
VO,DG,56
VO,TMP,4
DG,EDU,18
DG,CII,35
DG,KFC,2
DG,TMP,2
DG,VDM,2
EDU,PALM,18
PALM,VEI,18
KEA,NGB,18
NGB,TRE,18
JEA,MIM,11
MIM,JKI,11
JKI,PJ,11
PJ,RJ,11
RJ,RCRA,11
RCRA,CM,11
CM,ANDN,7
CM,LPW,4
ANDN,LVR,11
ANDN,LPW,4
ANDN,LER,5
LVR,PDPR,11
PDPR,LIR,11
LIR,BHGP,11
BHGP,NTV,6
CLR,TGT,18
CLR,DWF,17
CAPE,SUCH,11
SUCH,NCJ,20
NCJ,THX,26
NCJ,NJT,27
THX,AAY,34
AAY,NPK,34
NPK,VLY,34
VLY,DYS,34
DYS,NNN,34
NNN,SGLM,34
SGLM,MP,34
CII,TMP,36
TMP,VDM,42
VDM,AYR,44
AYR,KFC,42
AYR,VPJ,2
KFC,VPJ,44
VPJ,MPA,46
MPA,SMDM,44
MPA,KLS,2
SMDM,KLS,44
KLS,PUG,44
TPTN,SRGM,44
SRGM,UKV,44
UKV,BXS,44
BXS,VLDE,44
VLDE,MAND,42
VLDE,LLI,2
MAND,LLI,42
LLI,KTTR,42
LLI,PMB,2
KTTR,PMB,42
PMB,KKPM,44
KKPM,KLGM,44
KLGM,SLTH,44
SLTH,ALU,44
ALU,OTK,44
OTK,VER,44
VER,SNDI,44
SNDI,MTUR,44
MTUR,ICG,44
ICG,PNDM,44
PNDM,TLNR,44
TLNR,VRT,44
VRT,VRI,43
VRI,PVN,42
VRI,CHSM,2
VRI,MKSP,2
VRI,UMG,3
PVN,MPLY,43
PVN,CHSM,1
MPLY,ULU,43
ULU,PRKL,43
PRKL,TVNL,43
TVNL,KDMD,43
KDMD,VM,42
VM,MYP,66
VM,VRA,15
VM,MMP,4
MYP,VVN,67
VVN,PEI,67
PEI,MTL,67
MTL,TMV,67
TMV,OLA,67
OLA,KSGL,67
KSGL,TZD,67
TZD,ACK,67
ACK,MLMR,67
MLMR,MMK,67
MMK,KGZ,67
KGZ,PTM,67
PTM,OV,67
BPRH,KTHD,14
KTHD,MWRN,14
MWRN,SRBA,14
SRBA,URGA,14
URGA,KRBA,10
KRBA,GAD,3
BJQ,KYE,42
BJQ,MAKR,1
KYE,SMRR,42
SMRR,JRK,42
JRK,ISH,42
ISH,NOI,42
NOI,RTZ,42
RTZ,SGO,42
SGO,MKRN,43
MKRN,LDA,43
LDA,GW,43
GW,DGD,43
DGD,GAJ,43
GAJ,PHA,43
PHA,ANA,43
ANA,DMO,40
BGKT,BANE,49
BANE,SZ,50
SZ,HWT,50
HWT,LUNI,50
LUNI,RT,26
LUNI,SUT,24
RT,KAI,25
RT,PMY,1
KAI,PMY,24
KAI,BOM,1
PMY,BOM,25
BOM,RKZ,26
MNGT,NHY,41
NHY,S,41
S,PANP,41
PANP,CGKP,39
PANP,CGKR,2
CGKP,CGKR,39
CGKR,BDRL,41
BDRL,Y,41
Y,MYA,41
MYA,HNK,41
HNK,MAD,41
MAD,SET,41
SET,CPT,41
CPT,RMGM,41
RMGM,KHLL,41
KHLL,BID,41
BID,HJL,41
HJL,KGI,41
KGI,GNB,41
GNB,NYH,41
JCY,JIND,3
JCY,PPDE,6
JIND,BZO,38
JIND,BSPH,35
PPDE,SWDE,6
SWDE,PKDE,6
PKDE,BKDE,6
BKDE,SXE,6
SXE,SFDE,6
SFDE,KSDE,6
KSDE,MLDE,6
MLDE,ASAN,6
BNJL,NLH,6
NLH,IRA,6
NLH,GHNA,5
IRA,DHRN,6
DHRN,MDLA,5
DHRN,GHNA,1
MDLA,GHNA,5
GHNA,BASN,5
GHNA,ROK,5
GHNA,RKX,1
BASN,RKX,5
RKX,JSS,6
JSS,MKLI,6
MKLI,ROK,3
TMS,GBRI,4
GBRI,DGBZ,4
DGBZ,TRDI,2
PRBZ,PPN,33
PRBZ,RSMN,3
PPN,PFT,33
PPN,PNUG,3
PPN,JTDM,3
PFT,NDW,33
PFT,JTDM,3
PFT,NEMA,3
NDW,TEA,33
NDW,NEMA,3
NDW,MDCR,3
TEA,NDU,33
TEA,MDCR,3
TEA,CKMI,2
TEA,TNRI,1
NDU,JHD,33
NDU,TNRI,3
NDU,SONH,2
NDU,KRON,1
JHD,JHDC,36
JHD,KRON,3
JHDC,THA,33
JHDC,IAM,3
THA,MDE,36
THA,NZP,3
MDE,BELA,33
MDE,BBHT,3
BELA,CKH,33
BELA,NERH,1
BELA,NYM,3
BELA,WW,2
CKH,OREH,3
TELO,CRP,31
TELO,RJB,1
CRP,BHME,12
CRP,RJB,53
CRP,DDGA,31
CRP,PLJE,4
CRP,PURI,1
BHME,PUS,12
PUS,AMLO,12
AMLO,BRMO,12
BRMO,JAN,12
JAN,BKRO,12
BKRO,GMIA,12
GMIA,DMBR,12
DMBR,DNEA,12
DNEA,CNPR,12
CNPR,RRME,12
RRME,ARGD,10
THO,JAA,64
JAA,BKDR,1
BKSC,TKB,54
TPZ,NGL,57
TPZ,MNZ,12
NGL,THJ,57
THJ,DBD,57
DBD,RNA,57
RNA,BMHR,57
BMHR,MOZ,57
MOZ,JDW,56
JDW,MSP,57
MSP,KAT,57
KAT,SKF,57
SKF,DRLA,57
DRLA,PQY,57
PQY,MUT,57
MUT,MTC,57
MTC,PRTP,56
MTC,NRNR,6
PRTP,MUZ,57
MUZ,MDNR,57
MDNR,GUH,36
MDNR,MUD,21
GUH,GZN,49
GUH,MUD,1
GUH,DXH,12
GZN,MUD,6
GHAI,MOJ,12
GHAI,RENH,2
GHAI,PNHR,2
MOJ,SVPI,12
MOJ,PARH,2
MOJ,RENH,2
SVPI,KLRS,12
SVPI,KCR,2
SVPI,KAW,2
KLRS,LWS,14
KLRS,KCR,2
LWS,BDWS,14
BDWS,MINA,12
BDWS,RSJ,2
MINA,TRWT,2
MINA,RSJ,2
MUGA,RTA,30
RTA,VJP,24
RTA,CRKR,13
RTA,DHR,1
VJP,KHRJ,23
VJP,RGG,1
KHRJ,CBK,24
KHRJ,RGG,1
CBK,PCF,23
CBK,SFZ,1
PCF,BRRG,23
BRRG,KNWS,24
BRRG,SFZ,1
KNWS,PFR,24
PFR,UDK,24
UDK,PQU,24
PQU,SFW,24
SFW,SFF,24
SFF,SFY,24
SFY,CAZ,24
CAZ,SYO,1
MNDH,LAE,25
LAE,ANMD,25
ANMD,BLSN,25
BLSN,MSMD,25
MSMD,ARN,25
ARN,BMKJ,25
BMKJ,BGBR,25
BGBR,KMK,25
KMK,KRAR,25
KRAR,NPD,25
NPD,LKNA,25
LKNA,HSK,25
HSK,TRKR,25
TRKR,KBJ,25
KBJ,MRBL,25
MRBL,RNBT,25
RNBT,TIG,24
TIG,KSNG,32
TIG,SFK,28
KSNG,KDLR,31
KDLR,RPRD,31
RPRD,NRLR,31
NRLR,LJR,31
LJR,AMB,31
AMB,DKLU,31
DKLU,MNGD,31
MNGD,BMCK,31
BMCK,THV,31
THV,SPRD,29
THV,RGDA,2
SPRD,RGDA,33
SPRD,KTGA,7
RGDA,LDX,28
RGDA,KTGA,2
LDX,JMPT,30
JMPT,KNRT,30
KNRT,GMDA,30
GMDA,PVPT,30
PVPT,PVP,30
PVP,NSX,30
NSX,SNM,30
SNM,VBL,29
SNM,DNV,1
VBL,DNV,29
VBL,JDB,1
DNV,KMX,30
KMX,GPI,30
GPI,GRBL,30
GRBL,GTLM,30
BKF,GAH,3
GAH,AMO,6
BIO,DHD,99
BIO,ANAS,100
DHD,RET,99
ANAS,MGN,100
MGN,THDR,100
THDR,BJG,100
BJG,PCN,100
PCN,AGR,100
AGR,BMI,100
BMI,BOG,100
BOG,RTI,100
RTI,BILD,100
BILD,MRN,100
CHU,MKM,4
CHU,OGM,8
OGM,COL,8
COL,BEML,8
BKNG,RKY,23
RKY,RBR,23
RBR,GDL,23
GDL,GTT,23
GTT,VRR,23
VRR,NUD,23
GRG,JPV,6
GRG,KDHI,8
JPV,CRE,6
CRE,BUQ,6
BUQ,SOY,18
BUQ,KDHI,12
SOY,SKY,12
SKY,VNK,14
SKY,DRPH,2
VNK,GNS,14
GNS,TPNI,2
GNS,PDE,11
GNS,NDNI,1
TPNI,PDE,3
TPNI,NDNI,1
PDE,NIR,11
PDE,JONR,1
PDE,PNJ,1
NIR,PNJ,9
NIR,JGZ,3
NIR,KLZ,6
NIR,NWA,2
NIR,BTC,1
PNJ,GDU,3
PNJ,NWA,9
PNJ,JONR,1
GDU,CGLA,1
GDU,NWA,2
CGLA,NWA,1
NWA,LTA,14
LTA,CRN,14
CRN,TTW,14
TTW,SMC,14
SMC,DPW,14
DPW,BTC,7
BAND,HEB,34
MDPR,SYQ,28
SYQ,KMBL,28
KMBL,VQD,28
VQD,BHTL,28
BHTL,BPKA,28
BPKA,BHTA,28
BHTA,KRGA,28
KRGA,OKD,28
OKD,GRJA,28
GRJA,DWK,27
DWK,VVA,26
VVA,MTHP,26
MTHP,OKHA,13
BAY,HDD,29
BAY,BYC,29
BAY,OBM,4
HDD,HGI,30
HGI,VP,30
VP,TKBN,30
TKBN,BNL,30
BNL,SNKG,30
SNKG,BLL,30
GZM,MLDT,82
GZM,JMQ,93
MLDT,OMLF,73
MLDT,SGG,2
JMQ,KTJ,93
KTJ,CMX,93
AZ,LCAE,7
AZ,MBB,14
AZ,NLSF,6
AZ,DHPD,4
LCAE,KGLE,7
LCAE,DHPD,5
LCAE,NLSF,5
KGLE,JVT,32
KGLE,DHPD,21
KGLE,NLSF,5
KGLE,KNSN,1
JVT,KNSN,32
KNSN,KTLR,29
KNSN,CWLE,4
KTLR,CWLE,29
CWLE,KZPR,33
KZPR,BZLE,33
BZLE,MIAN,29
BZLE,TYAE,4
MIAN,TYAE,29
TYAE,MHTR,33
MHTR,SALE,33
SALE,JHBN,33
JHBN,GGLE,33
GGLE,SHBL,33
SHBL,NBKH,33
NBKH,KWAE,26
KWAE,KWF,18
KWAE,DHAE,6
KWF,DHAE,18
DHAE,SHBA,24
SHBA,AGAE,24
AGAE,PTAE,24
PTAE,BQY,24
BQY,LKX,24
LKX,MTFA,24
MTFA,PSAE,24
PSAE,BFZ,24
BFZ,VSPR,24
VSPR,NDAE,23
NDAE,SMAE,22
SMAE,DTAE,22
DTAE,BGRA,22
BGRA,ABKA,22
ABKA,GPAE,22
GPAE,BHLA,22
BHLA,SOAE,22
SOAE,BGAE,22
BGAE,JIT,22
JIT,KMAE,22
KMAE,DMLE,22
DMLE,KJU,22
KJU,TBAE,22
TBAE,BSAE,22
JGZ,RAMP,5
RAMP,CID,5
CID,SAKA,5
SAKA,BIV,5
BIV,LMU,5
LMU,MFR,2
KRJR,WZJ,17
KRJR,PMI,1
KRJR,KLNA,1
WZJ,TIA,17
WZJ,KLNA,1
WZJ,JMN,1
TIA,NWD,16
TIA,MZW,1
TIA,GBHA,1
TIA,CTHT,1
NWD,WRS,15
NWD,CTHT,2
NWD,XSAD,1
NWD,BBE,2
WRS,KSC,16
WRS,BBE,3
WRS,SONW,1
WRS,BFX,1
KSC,SHK,17
KSC,BFX,2
KSC,DGNH,1
SHK,SRY,17
SHK,KSMB,1
SHK,EKH,1
SRY,EKH,1
SRY,GSDH,3
TAO,KTD,39
KTD,URMA,39
URMA,BBM,39
BBM,BRMD,39
BRMD,NIM,39
NIM,CNI,39
CNI,MIK,44
CNI,GDBR,5
MIK,KZU,44
KZU,KND,44
KND,BIRP,14
BKN,UMS,23
BKN,LGH,14
BKN,NAL,1
BKN,NPS,2
UMS,PAE,33
PAE,DSO,33
DSO,SPO,33
SPO,NOK,33
NOK,CLO,33
CLO,SBLJ,33
SBLJ,ALAI,33
ALAI,BWS,33
BWS,NGO,33
NGO,MDW,33
MDW,KJW,33
KJW,DSL,33
DSL,MCPE,33
SUT,DUK,24
DUK,DOR,24
DOR,MNKB,24
MNKB,AJIT,24
AJIT,SMR,24
SMR,BMSN,6
SMR,PRU,18
BMSN,RHI,6
RHI,MKSR,6
MKSR,BAWA,6
BAWA,BISH,6
BISH,JOR,6
JOR,JNX,5
JOR,MBGA,1
JNX,MBGA,5
MBGA,BK,6
BK,MON,6
MON,BIPR,6
BIPR,LDM,6
LDM,MBNL,6
MBNL,KOF,6
KOF,MBW,6
MBW,RNV,6
RNV,MSQ,6
MSQ,JARI,5
MSQ,DGQ,1
JARI,DQN,6
JARI,DGQ,1
DQN,RXN,6
RXN,JNZ,6
JNZ,BLDI,5
BLDI,DISA,8
BLDI,DEOR,8
DISA,CDS,8
CDS,CDQ,8
RPHR,DNX,14
DNX,BFN,14
BFN,BXC,14
BXC,DULP,14
DULP,UKN,14
UKN,GJW,14
GJW,PLT,14
PLT,JPS,14
JPS,KUDN,14
KUDN,JHL,14
JHL,GRN,34
JHL,KAGR,15
JHL,HMQ,35
GRN,LHA,35
LHA,GGKR,35
GGKR,CJL,35
CJL,SFM,35
SFM,BZ,35
BZ,SAG,35
SAG,BSS,35
BSS,DUI,34
KDHI,DRPH,2
KLZ,PUE,10
PUE,KWB,10
KWB,BHV,10
BHV,SEY,10
SEY,PED,10
PED,SMSR,10
SMSR,KPDH,10
KPDH,KRBO,10
KRBO,MQQ,10
MQQ,JLY,10
JLY,UIH,10
UIH,CWA,6
CWA,LIG,6
CWA,GNW,8
LIG,BRKH,10
BRKH,ULA,10
ULA,KFP,10
KFP,MPML,10
MPML,BMC,10
BMC,GELA,10
GELA,DVH,10
DVH,RMO,10
RMO,SASR,11
SASR,BDHT,12
BDHT,LDE,12
LDE,PSK,12
PSK,SZH,12
SZH,KLOD,12
KLOD,SONR,12
SONR,MGVK,12
MGVK,TKLB,12
TKLB,PTS,12
PTS,PSX,12
PSX,PQA,12
PQA,KPKD,12
KPKD,KRDH,12
NRDP,VLG,24
VLG,RMNP,24
RMNP,CTYL,24
CTYL,SRMR,24
SRMR,NLDA,24
NLDA,TPPI,24
TPPI,MRGA,24
MRGA,KDRL,24
KDRL,DMCA,24
DMCA,VNUP,24
VNUP,PDGL,24
PDGL,NDKD,24
NDKD,TMLU,28
NDKD,RCA,5
TMLU,PGRL,28
PGRL,BMKD,28
BMKD,REM,28
REM,SAP,28
SAP,GPDE,28
GPDE,PKPU,28
PKPU,LIN,28
LIN,SRPM,28
SRPM,MDPD,28
MDPD,BDPL,28
BDPL,NLPD,28
NLPD,GNT,45
NLPD,PRCA,23
NLPD,VJA,1
GNT,NBR,33
GNT,VJA,17
GNT,MAS,1
NBR,MAG,44
NBR,PDKN,20
HAA,KAWR,43
HAA,ANKL,44
KAWR,AT,42
ANKL,GOK,44
GOK,KT,44
KT,HNA,44
HNA,MANK,44
MANK,MRDW,44
MRDW,CTTP,44
CTTP,BTKL,9
CTTP,BTJL,35
BTKL,BTJL,9
BTJL,SHMI,44
SHMI,BYNR,44
BYNR,BIJR,44
BIJR,SEN,44
SEN,KUDA,44
KUDA,BKJ,44
BKJ,UD,44
UD,PDD,44
PDD,MULK,44
MULK,SL,44
SL,TOK,44
YDK,DOGL,4
DOGL,SKLR,4
SKLR,ALUR,4
KRP,LGL,9
KRP,PRTL,18
PRTL,BQG,18
BQG,SBNM,18
SBNM,JJG,18
JJG,MBB,18
MBB,CSZ,18
MBB,NLSF,15
CSZ,BPC,18
BPC,NBPH,19
NBPH,SGV,20
SGV,BFT,20
BFT,BEB,20
BEB,REJ,20
REJ,SRJN,20
SRJN,PLY,20
PLY,PCX,20
PCX,DEB,20
DEB,SVH,20
SVH,BTY,20
BTY,MGM,20
MGM,DHU,20
DHU,BPD,20
BPD,KNJ,20
KNJ,JKL,20
JKL,BDZ,22
BDZ,THP,22
THP,BIJ,22
BIJ,KLNP,22
KLNP,HBE,2
GOT,SEW,15
SEW,PLS,15
PLS,JLQ,17
PLS,RHN,2
JLQ,RHN,17
RHN,PAQ,15
RHN,ALJ,2
RHN,KPV,2
PAQ,ALJ,12
PAQ,KPV,3
ALJ,KPV,13
KPV,GWS,16
KPV,SKX,5
GWS,PRM,13
GWS,RMR,2
PRM,RMR,6
CPB,MGW,129
MGW,ON,129
ON,PTYR,4
ON,SIC,115
ON,KURO,8
ON,MKHI,2
PTYR,SFPR,2
PTYR,MKHI,2
SFPR,UGU,6
SFPR,BRDV,4
UGU,FTC,6
FTC,BGMU,6
BGMU,GJMB,6
GJMB,MLW,6
MLW,FRH,4
MLW,MAH,2
FRH,MAH,4
MAH,GNTR,6
GNTR,ATKS,4
ATKS,GSGJ,4
KZW,KTF,15
KTF,MASK,15
MASK,MAUR,15
MAUR,KTKL,15
KTKL,SSZ,15
SSZ,MSZ,15
MSZ,NPX,15
NPX,BLZ,15
BLZ,DTW,15
DTW,BRZ,15
BRZ,KAGR,15
HMQ,TUN,36
TUN,KLWN,36
KLWN,DTN,36
DTN,DHY,36
DHY,NRW,36
NRW,GSO,44
NRW,GRZ,7
NRW,KIY,1
GSO,UCA,44
UCA,BZO,44
BSPH,KIU,33
BSPH,JNA,2
BSPH,JJT,3
KIU,JJT,33
JJT,JNA,36
JNA,KZH,38
KZH,KHV,38
KHV,SMF,38
SMF,ROK,38
ROK,ABO,51
ROK,LHLL,18
ABO,KRZ,54
KRZ,ISM,54
ISM,SPZ,54
SPZ,ROHN,54
ROHN,ASE,54
ASE,BGZ,54
BGZ,GHE,54
GHE,MQC,54
MQC,NNO,54
NNO,MGLP,54
RET,JKT,100
JKT,USRA,100
USRA,MAM,100
MAM,LMK,100
LMK,PPD,100
PPD,SAT,100
SAT,CCL,100
CCL,KIZ,100
KIZ,GDA,100
GDA,KRSA,100
GDA,VKG,2
KRSA,DRL,100
DRL,BKRL,100
BKRL,CPN,100
CPN,LAN,100
LAN,SMLA,100
SMLA,AIR,100
AIR,PIO,100
PIO,CYI,100
VRA,CBU,18
CBU,VI,18
VI,PDY,9
NEM,TVC,33
NEM,BRAM,36
TVC,TVP,57
BRAM,NYY,36
NYY,AMVA,36
AMVA,DAVM,36
DAVM,PASA,36
PASA,KZTW,36
KZTW,KZT,36
KZT,PYD,36
PYD,ERL,36
ERL,VRLR,36
VRLR,NJT,36
JKO,RLO,26
RLO,JUR,26
JUR,TU,26
TU,VRN,26
VRN,RLL,26
RLL,KDP,26
KDP,MUM,26
MUM,MOO,26
MOO,KMH,26
KMH,YA,26
YA,YGD,26
YGD,KKM,26
KKM,GPY,26
GPY,KPU,26
KPU,HX,26
HX,KNLP,26
KNLP,BKPT,26
BKPT,VNM,26
VNM,MMPL,26
MMPL,NRE,26
NRE,HAQ,27
HAQ,RJP,28
RJP,PMT,28
PMT,RPL,28
RPL,OBVP,28
OBVP,ANE,28
ANE,KOU,28
KOU,SF,28
SF,MRM,28
TRTR,KFE,80
KFE,MNTT,80
MNTT,KPTM,80
KPTM,PVRD,80
PVRD,VARD,80
VARD,KDTY,80
KDTY,KRPP,80
KRPP,ETM,80
ETM,KFQ,80
KFQ,KTYM,78
KTYM,CGV,78
CGV,CGY,80
CGY,TRVL,80
TRVL,CNGR,80
CNGR,CYN,80
CYN,MVLK,80
MVLK,KYJ,79
KYJ,OCR,117
KYJ,CHPD,41
OCR,KPY,117
KPY,STKT,117
STKT,MQO,117
MQO,PRND,117
IRP,MYY,102
MYY,PVU,102
PVU,KFI,102
KFI,EVA,102
EVA,VAK,102
VAK,AMY,102
AMY,KVU,102
KVU,CRY,102
CRY,PGZ,102
PGZ,MQU,102
MQU,KXP,102
KXP,KZK,102
KZK,VELI,102
VELI,KCVL,93
KCVL,TVP,85
DHE,MFJ,3
DHE,DDNA,2
DHE,KCT,2
MFJ,GNGL,2
MFJ,YDV,2
PDKN,NGNT,6
BVRM,PAGM,17
PAGM,SGKM,17
SGKM,VVM,17
VVM,SVDC,17
SVDC,LKDU,17
LKDU,PKO,17
PKO,NS,8
KKDI,DKO,9
KKDI,KTYR,9
MUD,DXH,12
BYC,KDN,30
KDN,DAJ,30
DAJ,TNGL,30
TNGL,GNR,30
GNR,PKL,30
PKL,KGW,30
KGW,HPT,29
HPT,MRB,28
MRB,HTNL,28
HTNL,GIN,28
GIN,KBL,28
KBL,BNP,28
BNP,BNA,28
BNA,SOQ,28
SOQ,RLP,28
RLP,KGX,28
KGX,GDG,28
GDG,LKT,40
GDG,HBL,17
LKT,NGR,40
NGR,SVHE,40
SVHE,HBS,40
HBS,KUG,40
HDW,KGM,9
HDW,LKU,18
LKU,GUB,5
LKU,HLDD,16
LKU,PBW,2
GUB,BRDT,8
BRDT,BPZ,8
BPZ,SKX,8
BETI,ALV,4
ALV,DOW,4
DOW,BO,4
BO,BCHN,4
BCHN,PTD,2
BCHN,KTNA,2
HMP,SPC,10
HMP,MAHO,11
SPC,STRK,5
SPC,SCC,4
SPC,PSN,1
SPC,RAK,3
MAHO,MINJ,9
MAHO,NERI,2
MINJ,JKH,11
MINJ,NERI,2
JKH,JBG,11
JBG,UCH,11
MLJ,KKAH,59
KKAH,NHN,59
NHN,SAGR,59
SAGR,BCN,59
BCN,KVG,59
KVG,HCP,59
HCP,GANG,59
PHV,DND,26
DND,GRX,26
GRX,SWS,26
SWS,BSE,26
BSE,NBP,26
NBP,JNH,26
JNH,SQN,42
JNH,BYHA,28
JNH,JUA,12
SQN,SAW,42
SAW,MOF,42
MOF,BOY,42
BOY,PRF,40
BOY,KEH,1
PRF,KEH,40
KEH,SWPR,42
SWPR,CHH,42
CHH,LOT,4
MKG,AMS,115
AMS,POF,115
POF,HRN,115
HRN,JTU,115
JTU,KVX,115
KVX,AJ,115
AJ,SIC,115
MZM,BSKR,14
ELL,PKGM,3
PKGM,BZGT,3
BZGT,RTBR,3
RTBR,APU,3
APU,DLCR,2
OLP,IMLI,21
OLP,PRGA,1
IMLI,SLNA,22
IMLI,PRGA,1
SLNA,GRPA,17
SLNA,HPO,4
SLNA,SOPR,1
GRPA,HPO,17
GRPA,SSRH,1
GRPA,SOPR,1
HPO,NWC,21
HPO,BAPN,1
HPO,SSRH,1
NWC,ROA,21
NWC,MABB,1
NWC,BAPN,1
ROA,ARG,21
ROA,NRN,1
ROA,MABB,1
ARG,BGDS,22
ARG,NRN,1
SUBR,ITE,10
ITE,BLP,4
ITE,BWP,6
BLP,JKNI,10
BLP,BWP,6
JKNI,GAW,10
GAW,KPE,10
KPE,TLR,10
TLR,LBW,10
LBW,GIR,10
GIR,PPW,10
PPW,TPB,10
TPB,BNY,10
BNY,PRZ,4
BNY,MHBG,6
PRZ,SOT,4
PRZ,MHBZ,6
PRZ,MHBG,6
SOT,CIH,10
SOT,MHBZ,6
CIH,AHU,10
AHU,NUH,10
NUH,UB,10
UB,BMJ,10
BMJ,LER,10
NGNT,VJA,6
VJA,SJL,26
SJL,AKU,26
CJ,TMLP,13
CJ,CJE,16
CJ,NTT,1
TMLP,TKO,11
CJE,NTT,15
CJE,WJ,1
NTT,WJ,16
WJ,PYV,17
PYV,PALR,17
PALR,VB,17
VB,RDY,17
KTW,SNX,6
BLLI,CNO,43
CNO,AT,43
CAN,CS,72
CS,ETK,80
ETK,DMD,80
DMD,TLY,80
TLY,JGE,80
JGE,MAHE,80
MAHE,MUKE,80
MUKE,NAU,80
NAU,BDJ,80
BDJ,IGL,80
IGL,PYOL,80
PYOL,TKT,80
TKT,VEK,80
VEK,QLD,80
QLD,CMC,80
CMC,ETR,80
ETR,WH,80
WH,VLL,80
VLL,CLT,78
CLT,KUL,79
KUL,FK,82
FK,KN,82
KN,VLI,82
VLI,PGI,82
PGI,TA,82
TA,TIR,82
TIR,TUA,82
TUA,KTU,82
KTU,PEU,82
PEU,PUM,82
PUM,KODN,82
KODN,PTB,82
PTB,KRKD,82
KRKD,SRR,80
SRR,VDKS,9
FBG,LLP,5
FBG,DLZ,10
FBG,BTF,16
FBG,SMH,6
LLP,TB,10
TB,SOU,12
SOU,GEB,12
GEB,PGC,12
NUJ,GVL,8
GVL,KVM,6
GVL,VMD,2
KVM,VMD,6
VMD,PAV,8
PAV,CLU,8
CLU,MTM,4
KLI,DOC,23
DOC,PTA,22
PTA,PTE,21
PTE,DBN,21
DBN,NBA,21
NBA,KKRL,21
KKRL,CTW,21
CTW,KLSX,21
KLSX,DUI,20
DUI,ALL,23
DUI,HMI,31
ALL,SEQ,23
SEQ,BNN,23
BNN,HYA,23
HYA,GUNS,23
GUNS,TAPA,23
TAPA,JHK,23
JHK,PUL,23
PUL,LHM,23
LHM,BCU,23
BCU,BTIC,23
MRLI,RJL,1
ONR,WEL,5
ONR,MTP,1
WEL,AVK,8
AVK,KXT,8
KXT,LOV,8
LOV,UAM,4
RTK,AMDI,1
RGD,SILO,7
SILO,NLD,14
NLD,PQE,14
PQE,TNGI,14
TNGI,BEHS,14
BEHS,SOW,14
SOW,RRE,14
RRE,WENA,14
WENA,HRT,14
SPGL,ARP,21
ARP,RMC,21
RMC,LGO,21
LGO,KHNM,1
LGO,BHDR,20
KHNM,GRMR,21
KHNM,BHDR,20
GRMR,PQN,21
PQN,ARKA,21
ARKA,UCR,21
UCR,MNJR,8
UCR,RCP,21
MNJR,JPD,8
JPD,DMW,8
DMW,LLJ,12
DMW,RDV,6
LLJ,NHF,12
NHF,RRS,10
RRS,BSWA,8
BSWA,TQA,5
BSWA,IDM,3
TQA,BAHP,5
BAHP,BQP,8
BAHP,IDM,3
BQP,TKRP,8
TKRP,ACH,8
ACH,KURO,8
SGPA,SAPT,8
DEA,NSF,4
NSF,SIU,3
NKL,MLYA,2
MLYA,HPL,2
HPL,KKAE,2
KKAE,BAHW,2
BAHW,LOK,2
LOK,TAK,1
DJ,GHUM,10
GHUM,SAD,5
PCK,SV,69
PCK,DDA,72
SV,ZRDE,66
SV,SVC,7
DDA,CW,72
CW,MHRN,71
CW,EKMA,1
MHRN,EKMA,71
EKMA,DDP,72
DDP,KPS,72
CI,KYH,8
BIRD,KHBV,66
BIRD,PNVL,6
KHBV,KARD,66
KARD,JCNR,66
DLX,RDP,5
DLX,KAJ,11
KAJ,BJY,11
BJY,BMGR,11
BMGR,RGJ,11
RGJ,JTK,11
JTK,KAU,11
KAU,DHNA,11
DHNA,BOE,11
BOE,MFA,133
BOE,SUD,119
BOE,SJGM,2
MFA,BWPB,73
MFA,SRI,61
BWPB,AZR,73
AZR,KWE,73
KWE,KDPR,93
KWE,BAHN,2
KWE,MENP,22
KDPR,HCR,71
KDPR,BAHN,2
KDPR,DVJ,36
HCR,MQG,71
MQG,BKRD,71
BKRD,MFZ,71
MFZ,SM,71
SM,SRPU,71
SRPU,KMRJ,71
KMRJ,MBC,71
MBC,EKI,71
EKI,ADF,75
EKI,GZO,8
ADF,OMLF,75
NLSF,DHPD,21
GNW,KUX,15
KUX,PUX,15
PUX,IKR,15
IKR,PCLI,15
PCLI,JNO,14
JNO,HRG,13
HRG,MKDN,13
MKDN,NVG,13
NVG,BQM,13
BQM,BXY,13
BXY,BCRD,13
BCRD,JMV,13
BBDB,BZB,1
BZB,SOLA,1
SOLA,BBR,1
BBR,TALA,1
DLF,RWA,16
RWA,RNX,16
RNX,PRNA,16
PRNA,KUB,16
PRNA,SRSI,3
KUB,GBN,16
GBN,JAG,16
JAG,KSY,16
KSY,ARQ,16
ARQ,ARR,16
ARR,HOD,10
ARR,SMH,6
HOD,SMH,6
HOD,GPE,4
SMH,GPE,6
GPE,DLZ,10
BTF,JBN,8
DTR,SNKX,3
SNKX,SPY,6
SPY,KRX,6
KRX,SIY,6
SIY,CATD,6
CATD,AVP,6
AVP,KDRI,8
AVP,MCF,4
KDRI,BOV,8
BOV,SB04,6
BOV,TBD,1
SB04,TBD,3
BLGT,MKRH,4
MKRH,RMPB,8
RMPB,MLNH,8
MLNH,GRMP,8
GRMP,BNDP,8
BNDP,DLPH,8
DLPH,DOTL,8
DOTL,MANG,8
MANG,GZO,8
SUD,AHL,121
SUD,SJGM,2
AHL,TETA,121
TETA,DLK,121
DLK,SJKL,121
SJKL,KKA,121
KKA,HWR,121
HWR,KNE,120
KNE,PJP,119
PJP,GIL,119
GIL,GEOR,119
GEOR,AUB,119
AUB,DBQ,121
DBQ,MXJ,121
MXJ,TMH,121
TMH,DMZ,121
DMZ,CAT,121
CAT,NJB,121
NJB,RNI,121
RNI,NJP,108
RNI,SGUT,1
RNI,ABFC,1
PLD,CHLK,45
CHLK,DXG,45
DXG,BHNE,45
BHNE,TKHE,45
TKHE,AN,45
AN,BRTK,45
BRTK,PDP,45
PDP,BEW,45
BEW,NDN,45
NDN,HOL,45
HOL,SNK,45
SNK,SNSL,45
SNSL,VKH,45
VKH,DDE,45
DDE,RNL,45
RNL,TISI,45
TISI,CUE,45
CUE,NDB,43
CUE,DWD,2
NDB,DWD,45
DWD,KBH,49
KBH,KHTG,49
KHTG,CPD,49
CPD,KFF,49
KFF,NWU,48
NWU,BBAI,49
BBAI,LKKD,49
LKKD,USD,49
USD,DSD,49
DSD,KKRD,49
KKRD,VYA,49
VYA,KRAI,49
KRAI,MID,59
MID,LTV,59
LTV,MGRL,49
MGRL,TBV,49
TBV,BIY,49
BIY,GGAR,49
GGAR,BGMR,49
BGMR,CHM,49
CHM,NOL,49
KGN,TUNG,3
KGN,MHN,1
TUNG,SAD,5
GG,VTP,5
VTP,SEJ,8
SEJ,MORA,7
SEJ,VLA,1
MORA,VLA,7
VLA,DOK,8
DOK,GS,7
DOK,KTGD,1
GS,KTGD,7
KTGD,AEJ,8
AEJ,LHBK,8
LHBK,LO,7
LHBK,DCK,1
LO,HLB,7
HLB,DIBL,6
HLB,DCK,1
DIBL,RY,6
RY,DCK,6
DCK,TID,7
DCK,BNH,1
TID,BNH,7
BNH,JIL,8
JIL,SAPR,7
HNM,KMA,2
SVB,TAV,8
TAV,CTRD,6
TAV,JBB,6
CTRD,SASG,6
SASG,KANS,6
KANS,STDR,6
STDR,VSW,6
VSW,JTV,6
VSW,JCN,4
JTV,BADR,6
BADR,DARI,6
DARI,CLC,6
CLC,AEP,6
AEP,AE,6
AE,KJV,5
KJV,LAT,8
KJV,CTL,4
LAT,DAS,4
BSSL,PSLI,10
PSLI,BNDI,10
BNDI,MLGH,10
MLGH,SMPA,10
SMPA,SNAR,9
SMPA,BUDI,1
SNAR,BUDI,9
BUDI,THEA,10
BAMA,BR,28
BR,NGLT,28
NGLT,BIQ,28
BIQ,DXK,28
DXK,RBS,28
RBS,AED,28
AED,FTS,28
FTS,SNPR,28
SNPR,KLB,28
KLB,MIQ,28
MIQ,PTLI,28
PTLI,IDH,28
IDH,BCP,34
IDH,AF,55
HDB,JPG,6
JPG,MOP,12
MOP,RQJ,12
RQJ,BLK,84
RQJ,JPE,72
BLK,ABFC,84
ABFC,NJP,79
TKB,RJB,54
DDGA,JNN,26
DDGA,PLJE,6
JNN,PLJE,25
JNN,MHQ,1
PLJE,KTH,35
KTH,SJA,35
SJA,BZS,35
BZS,BZE,35
BZE,KDS,35
AHD,SLGE,23
SLGE,TVL,23
TVL,PDNR,23
TVL,LHN,1
PDNR,LHN,23
LHN,IDR,23
LHN,NBL,1
IDR,CHRG,23
CHRG,NBL,23
NBL,KTK,23
NBL,MNL,1
KTK,MNL,23
MNL,AYB,22
MNL,BJP,2
AYB,BJP,18
BNWC,BMLL,21
BMLL,KHRK,21
KHRK,KLNK,21
KLNK,LHLL,21
PYM,KLPM,10
KLPM,TIP,10
TIP,MVN,10
MVN,TME,9
MVN,TN,1
TME,TN,4
BLND,KUPR,6
KUPR,SCQ,6
SCQ,NAS,6
NAS,HSX,3
KKTA,GIF,10
KKTA,HPLE,2
GIF,HPLE,10
HPLE,TKLE,10
HPLE,DWLE,2
TKLE,SJJ,10
SJJ,DWLE,10
DWLE,PNSA,12
PNSA,BHLE,12
BHLE,TELY,4
BHLE,PJLE,6
BHLE,BAKA,1
TELY,MRHA,4
MRHA,BAKA,2
SMTA,NOQ,70
NOQ,NBS,71
PLA,BLDK,22
BLDK,AJN,22
AJN,FTD,21
HMI,MET,31
MET,KUP,31
KUP,RHW,31
RHW,AHH,31
AHH,QRP,31
QRP,GILL,31
MNS,MHI,3
TKO,AJJ,9
PBM,RMM,9
PBM,MMM,18
MMM,MC,18
MC,PPVL,18
PPVL,UCP,18
UCP,VTV,18
VTV,RMD,18
RMD,SQD,18
SQD,PMK,18
PMK,SUX,18
SUX,MNM,18
MNM,RAGM,10
MNM,MNME,9
RAGM,TPC,10
TPC,TVN,10
TVN,ILA,10
ILA,MES,10
WDJ,BRW,2
BRW,JBW,2
JBW,CWN,2
CWN,MKS,2
MKS,BDBG,2
BDBG,BSGR,4
BSGR,LKW,2
LKW,RRW,2
RRW,CKA,2
CKA,CKLA,2
CKLA,FKA,1
NYT,DNQ,65
DNQ,GRR,65
GRR,SI,8
GRR,MENP,29
GRR,LAV,28
SI,JAU,8
SI,SRI,2
JAU,MENP,8
MENP,SRI,59
KYH,PEE,8
PEE,MEW,8
MEW,SMKR,8
SMKR,MHC,8
MHC,RPV,8
RPV,DWDI,8
DWDI,SQW,8
SQW,MJV,8
MJV,GOPG,8
GOPG,THE,4
CRW,SWNI,6
SWNI,JUP,6
JUP,SURP,6
SURP,SDLP,12
SURP,SDMK,10
SURP,PRSR,1
SDLP,DKWA,10
SDLP,HR,13
DKWA,HYL,10
HYL,DKX,10
DKX,ASLU,8
DKX,SRSL,2
ASLU,CUR,10
ASLU,SRSL,2
CUR,DEP,10
CUR,BUB,5
DEP,JOH,10
JOH,SMNN,3
JOH,MIO,7
SMNN,MIO,3
MIO,RTGH,10
RTGH,PIH,1
RTGH,RJR,4
RTGH,RXW,3
RTGH,SUJH,3
RTGH,LOHA,2
PIH,TLC,3
PIH,LOHA,2
TLC,SUJH,3
SUJH,LAU,4
SUJH,JSH,2
LAU,DIA,4
LAU,BLSD,2
LAU,JSH,2
DIA,KKNA,4
DIA,MBSK,2
DIA,SVO,2
KKNA,CTKT,1
KKNA,KHTU,3
KKNA,PW,2
KKNA,MBSK,2
CTKT,KHTU,3
CTKT,PW,2
KHTU,KRC,3
SIRA,KTRR,12
KTRR,PTRE,12
PTRE,GTM,12
GTM,HAR,12
HAR,DPSR,12
DPSR,JSB,12
JSB,BSZ,12
BSZ,IGTA,12
IGTA,RGU,12
RGU,AKW,12
AKW,ICL,12
ICL,BNDA,12
BNDA,KID,25
BNDA,DWI,27
KID,MTH,24
DWI,KHU,28
KHU,ATE,28
ATE,BUS,28
BUS,BTKP,28
BTKP,SWC,28
SWC,CKTD,27
CKTD,KHOH,26
KHOH,BIP,26
RCP,LMN,23
LMN,DYP,23
DYP,UBN,6
MCV,FRD,28
FRD,KD,28
KD,RJK,28
RJK,JRJ,25
RJK,HZN,1
RJK,CH,1
RJK,SPB,1
JRJ,GTF,22
JRJ,KZS,3
GTF,CH,24
GTF,KZS,3
CH,SSKA,25
CH,MJHL,5
CH,BJ,8
CH,AFR,1
CH,DN,1
SSKA,AFR,25
AFR,PRKE,5
AFR,DUB,21
PRKE,DUB,5
DUB,KEG,11
DUB,AO,15
KEG,RBK,8
KEG,AO,3
RBK,AO,8
AO,NSU,25
AO,BTG,1
NSU,BTG,25
BDMA,MRIJ,2
MRIJ,RPLY,5
RPLY,JNKR,8
JNKR,HPI,8
HPI,BNKI,6
MNME,MEKM,9
MNME,SVGA,1
MEKM,SVGA,9
SVGA,NTS,10
NTS,PNGI,10
PNGI,KAL,10
KAL,DKO,10
KTYR,CTND,10
CTND,TYM,10
TYM,NMN,10
NMN,PDKT,10
PDKT,VEL,10
VEL,NTM,10
NTM,KUTR,10
KUTR,KRUR,10
KRUR,TNLR,10
TNLR,KRMG,10
MHA,AUL,16
AUL,SKA,16
SKA,RKN,16
RKN,HTJ,16
HTJ,MEU,16
MEU,HTC,16
HTC,MSN,16
MSN,SYZ,16
SYZ,RAYA,16
RAYA,MRT,16
AH,RAI,34
AH,CIK,33
RAI,BCP,34
RNIR,BIK,11
BIK,PLK,13
PLK,DDW,11
DDW,SOI,9
DDW,BXM,2
SOI,BXM,9
BXM,TQN,10
TQN,KYBR,6
TQN,MIN,2
TQN,MJPB,1
KYBR,MJPB,6
MJPB,BIC,7
BIC,NSA,7
NSA,MUH,7
MUH,KARH,7
KARH,MIN,7
MIN,RBJ,7
MIN,NNP,2
RBJ,NNP,7
NNP,MT,17
NNP,BBJ,8
MT,RS,17
RS,BRK,17
BRK,CLW,17
CLW,YEAM,17
YEAM,PDR,17
PDR,BEU,13
PDR,BGAN,2
BEU,BGAN,13
BGAN,GADM,12
BYP,DMH,3
BYP,KKNH,1
BYP,MEE,1
HTE,GBX,3
HTE,PKF,2
HTE,BLRG,1
MYX,IBL,48
IBL,SRJM,48
SRJM,JPH,48
JPH,CJN,48
CJN,ANCR,48
ANCR,BQA,48
BQA,BXL,47
BQA,ODM,2
BXL,ODM,48
ODM,RSG,50
RSG,VSU,50
VSU,PBA,50
PBA,BGO,50
BGO,GBA,49
GBA,CDGR,48
CDGR,SLB,48
SLB,GSL,48
GSL,BUTA,48
BUTA,MDN,48
MDN,GKL,48
GKL,GMDN,44
SDMK,AUS,11
SDMK,PRSR,1
AUS,TSD,11
TSD,GAMI,11
GAMI,DPLN,11
DPLN,NHR,11
NHR,KNNA,9
NHR,BKKA,2
KNNA,ENB,11
KNNA,BKKA,2
ENB,SRKN,9
ENB,TIBI,2
SRKN,HMO,11
SRKN,SJSM,2
HMO,HMH,11
HMH,DPK,9
HMH,JRKN,2
HMH,DBI,18
HMH,NAWN,17
DPK,SDS,9
DPK,BUGL,2
DPK,HLW,2
SDS,FSW,2
SDS,BDSW,2
SDS,SGNR,4
BRM,CKP,51
CKP,LPH,49
ANJ,ELP,1
RCJ,AJKI,16
PDPK,SHM,11
KTGA,SKPI,9
SKPI,BLMK,9
BLMK,LLGM,9
LLGM,RUL,9
RUL,TKRI,9
TKRI,SGRM,9
SGRM,LKMR,9
LKMR,KKGM,9
KKGM,BGUA,9
BGUA,DMNJ,9
DMNJ,DMRT,9
DMRT,KRPU,6
STRK,SCC,3
CKVD,AMC,6
AMC,BTGH,8
BTGH,HLV,8
HLV,CTA,6
BDME,SSNR,10
VDKS,VPZ,14
VPZ,KZC,14
KZC,CQA,14
CQA,AAM,14
AAM,PKQ,14
PKQ,MLTR,14
MLTR,TUV,14
TUV,TDPM,14
TDPM,VNB,14
VNB,NIL,7
PRU,JNE,18
JNE,BLT,18
BLT,KHTX,18
KHTX,TWL,18
TWL,GOLE,18
GOLE,BMQ,18
BMQ,BUT,18
BUT,BSDA,18
BSDA,KVA,18
KVA,UTL,18
UTL,BME,9
IZN,DOX,28
DOX,BPR,28
BPR,DBNR,10
BPR,AMA,13
BPR,STH,9
DBNR,STH,10
STH,BJV,19
BJV,SSC,10
CAF,KEZ,10
KEZ,MME,12
MME,ROL,12
ROL,SYE,12
SYE,AWH,12
AWH,TUD,12
BMP,WSA,12
WSA,WDG,11
WDG,AJU,12
AJU,DEW,12
DEW,SNV,12
SNV,GNL,12
GNL,HDM,12
MUGR,PGP,1
OEL,KDPS,3
CHPD,HAD,44
HAD,KVTA,44
KVTA,AMPA,44
AMPA,PUPR,44
PUPR,PNPR,44
PNPR,ALLP,42
AMH,SAA,23
AMH,RKS,23
SAA,MMA,24
MMA,KRT,24
KRT,PLGH,2
DJD,KRND,24
DJD,KHJA,2
KRND,SMZ,24
SMZ,RKS,20
SMZ,PHY,2
SMZ,SJER,2
RKS,PHY,4
RTP,RJMP,14
RTP,HLP,5
RJMP,RSR,14
RSR,CHR,14
TRS,BJIH,5
TRS,SSNS,4
SVUR,THL,114
THL,MCN,114
MCN,WJR,114
WJR,MRLM,112
WJR,TUG,2
MRLM,TUG,112
TUG,SHU,114
SHU,AVN,114
AVN,CTRE,114
CTRE,AJJ,107
CTRE,TRT,2
AJJ,PLMG,120
AJJ,TRT,21
PLMG,MSU,124
MSU,TO,124
TO,MAF,124
MAF,SPAM,124
SPAM,KBT,124
KBT,EGT,124
EGT,TRL,125
TRL,PTLR,126
PTLR,SVR,128
SVR,VEU,128
VEU,TI,128
TI,NEC,128
NEC,PAB,128
PAB,HC,130
PAB,PRES,1
HC,AVD,129
AVD,ANNR,128
ANNR,TMVL,129
TMVL,ABU,129
ABU,PVM,128
ABU,ABEO,1
PVM,KOTR,128
KOTR,VLK,129
KOTR,ABEO,1
VLK,PEW,129
PEW,PCW,129
PCW,PER,128
PCW,VJM,1
PER,VJM,124
PER,MAS,1
VJM,MAS,8
DNUA,MDSA,1
DNUA,BAYD,2
BAYD,KSUA,2
KSUA,VLTR,2
VLTR,KVNJ,2
KVNJ,KTAL,2
KTAL,MHUA,2
ZRDE,KYW,68
KYW,MW,68
MW,BTK,68
BTK,BHTR,68
BHTR,NNPR,68
HBL,BLR,18
BLR,MLP,18
MLP,SMKT,18
SMKT,HLAR,18
HLAR,JAK,18
JAK,LKY,18
LKY,YGA,18
YGA,BDM,18
BDM,GED,18
GED,BGK,17
BGK,MGL,18
MGL,KLM,19
MGL,LMT,1
KLM,JRKT,19
JRKT,SII,19
SII,KSAR,19
KSAR,LMT,19
LMT,BENL,19
LMT,WDL,1
BENL,WDL,19
WDL,ANGR,19
WDL,BSRX,1
ANGR,BSRX,19
BSRX,KDGI,19
BSRX,MVD,1
KDGI,MVD,19
MVD,HOH,19
MVD,BJP,1
HOH,IMR,19
IMR,BJP,17
MOPR,SGNR,10
MOPR,FTH,21
SGNR,BWC,2
SGNR,KESR,1
FTH,ORKI,21
ORKI,HMK,21
HMK,KTPK,21
KTPK,BKWA,21
BKWA,PJK,21
PJK,KLWL,21
KLWL,ABS,21
ABS,BFE,24
ABS,FKA,1
BFE,PKK,25
PKK,MOT,25
MOT,FSR,25
FSR,GDB,25
GDB,BHX,25
BHX,BWX,25
PQZ,SJRR,72
SJRR,GDX,72
GDX,FLK,72
FLK,SXX,72
SXX,KLGR,72
KLGR,DQG,72
DQG,ATM,72
ATM,BYXA,72
BYXA,NMX,72
NMX,NQH,72
NQH,JPE,72
NJP,SGUT,32
NQR,SPSR,21
SPSR,GHNH,21
GHNH,RQP,21
RQP,RJGR,21
RJGR,JRZ,38
RJGR,MZY,16
JRZ,SCPR,38
SCPR,DNKL,38
DNKL,DNDL,36
DNDL,SSPR,36
SSPR,MHDB,36
MHDB,HND,36
HND,NBT,36
NBT,MRDL,36
MRDL,BDPK,36
BDPK,TTPT,12
BDPK,TLHR,4
BDPK,TLHD,20
TTPT,TLHR,21
TTPT,TLHD,10
TLHR,TLHD,4
TLHD,ANGL,33
ANGL,KPJG,26
KPJG,JRPD,26
JRPD,BONA,26
BONA,HNPA,26
HNPA,SRGP,26
SRGP,BAMR,26
BAMR,RAIR,26
RAIR,CHAR,12
SBPD,SBP,28
SBPD,SSN,9
SBPD,JUJA,2
SBPD,RGL,8
SBPD,MANE,1
SBPD,SBPY,1
SBP,JSG,12
SBP,HKG,30
SBP,RGL,3
SBP,SBPY,2
SBP,SSN,1
JSG,IB,55
JSG,BXQ,26
JSG,DTV,71
IB,BRJN,57
BRJN,BPH,57
BPH,HGR,57
HGR,DAO,57
DAO,JMG,57
JMG,KRL,57
PRCA,PPM,23
PPM,NDPU,23
NDPU,STUR,23
STUR,NRT,23
NRT,MUK,23
MUK,SAB,23
SAB,SYM,23
SYM,VKN,23
VKN,CEM,23
CEM,GKM,23
GKM,KCD,23
KCD,POO,23
POO,DKD,23
DKD,GJJ,23
GJJ,MRK,22
MRK,TLU,21
TLU,CBM,21
CBM,JBK,21
JBK,SDV,21
SDV,GMA,21
GMA,GID,21
GID,KSTE,21
KSTE,DMT,21
DMT,CMZ,21
CMZ,GZL,21
GZL,NDL,21
NDL,PNM,21
PNM,KEF,21
KEF,BEY,21
BEY,BMH,21
BMH,RGM,21
RGM,MLK,21
MLK,DHNE,20
DHNE,BVO,35
DHNE,MYL,48
BVO,VDI,35
VDI,UKD,35
UKD,DUU,35
DUU,KRNT,33
KRNT,ALPR,33
ALPR,MOA,36
MOA,IKI,36
IKI,PDNA,36
PDNA,PDO,36
PDO,GWD,36
GWD,ARPL,36
ARPL,SRNR,36
SRNR,WPR,36
WPR,KONN,36
KONN,KXI,36
KXI,KQQ,36
KQQ,DKUR,36
DKUR,DKC,36
DKC,KTKA,36
KTKA,MQN,36
MQN,MHBT,36
MHBT,MBNR,36
MBNR,DTP,38
DTP,JCL,40
JCL,GLY,40
GLY,RJAP,40
RJAP,RRGA,40
RRGA,BABR,40
BABR,SHNR,40
SHNR,TMX,40
TMX,UR,40
UR,BDVL,40
BDVL,NSVP,40
PDL,LMD,50
PDL,EDD,32
LMD,MYL,50
HR,RMB,14
RMB,PVZ,14
PVZ,LHU,14
LHU,SAWN,14
LHU,SRGH,6
LHU,CRWA,1
SAWN,STNL,14
STNL,ZP,14
ZP,MHRG,14
MHRG,BJWS,14
BJWS,KNNK,14
KNNK,DZB,14
DZB,NNU,14
MZGI,HGJ,14
HGJ,SUNM,14
SUNM,GDHA,6
SUNM,AUR,8
GDHA,AUR,6
AUR,DMPR,14
DMPR,DIB,14
DIB,RG,14
RG,BBA,14
BBA,BHKL,14
BHKL,DN,14
DN,PHX,5
DN,BJ,8
PHX,BJ,5
BJ,MJHL,5
GSD,PMO,20
PMO,KIN,20
KIN,BSJ,20
BSJ,FAN,20
FAN,MVJ,20
MVJ,BIML,20
MVJ,NDT,2
MVJ,VBN,1
BIML,KLH,20
KLH,DRB,20
DRB,RPZ,20
BYHA,URPR,28
URPR,PLP,28
PLP,SYC,28
SYC,THW,4
ETUE,KBP,60
KBP,CHLR,60
CHLR,JAB,60
JAB,AF,47
JAB,AGA,13
SRSI,BNKI,7
BNKI,SKHK,3
BNKI,AUI,2
MY,KTM,26
KTM,NPT,26
KTM,ADT,2
NPT,ADT,26
ADT,TDR,26
ADT,KMU,2
TDR,TRM,26
TRM,KMU,26
KMU,DSM,28
KMU,PML,2
DSM,SWI,30
SWI,SPL,30
SPL,PML,30
PML,PDV,30
PDV,AZP,30
AZP,PVL,30
PVL,TT,30
BWC,FSW,2
BDSW,BUGL,2
HLW,JRKN,2
SJSM,TIBI,2
TRT,POI,23
POI,VKZ,23
VKZ,NG,23
NG,EKM,23
EKM,VGA,23
VGA,PUT,23
PUT,TDK,23
TDK,PUDI,23
BJPL,BJMR,4
KAWL,DLSR,3
KEMR,BLQR,16
KEMR,CHRU,2
BLQR,RUPC,16
RUPC,HLDD,16
MLT,PURI,40
MLT,JKDP,78
PURI,MWQ,1
JKDP,SIL,78
SIL,BRST,78
BRST,JPRD,78
JPRD,DEG,78
DEG,KASR,78
KASR,MWQ,77
KASR,HPGM,1
MWQ,HPGM,77
SGUT,SGUJ,34
SGUJ,GLMA,30
SGUJ,SN,1
GLMA,SVQ,30
SVQ,BRQ,30
BRQ,ODB,30
ODB,DDM,30
DDM,NMZ,30
NMZ,CLD,30
CLD,NKB,30
NKB,CRX,30
CRX,BNQ,30
BNQ,BNV,30
BNV,DLO,30
DLO,MJE,30
MJE,MDT,30
MDT,HSA,30
HSA,HOJ,30
HOJ,KCF,30
KCF,GRU,30
GRU,RVK,30
MZQ,AYU,30
AYU,JPZ,30
JPZ,PNVT,30
PNVT,GLPT,30
GLPT,KRNI,30
KRNI,DDNI,30
DDNI,RGJI,30
RGJI,DPRA,30
DPRA,BOKO,30
BOKO,CGON,30
CGON,MRZA,30
MRZA,AZA,30
BPRA,MBA,22
BPRA,KBR,24
MBA,CRC,22
MBA,RJAK,5
MBA,RGLI,1
KBR,MTH,24
AMA,DRN,13
DRN,RR,13
RR,BHI,13
BHI,KHH,13
KHH,PBW,13
KADH,GNK,6
GNK,SJV,6
SJV,MANI,6
MANI,XBKJ,6
XBKJ,HSB,6
HSB,PIRO,6
PIRO,CRQ,6
CRQ,SRMN,6
SRMN,GQN,6
GQN,UWNR,6
LAV,DVJ,36
LAV,PQD,2
JAT,BLA,9
SOG,SRPR,2
SOG,RMH,18
SOG,BNSR,2
SOG,BDWL,18
SRPR,SBNR,4
SRPR,BNSR,1
SRPR,KYNT,4
SRPR,RSNR,1
SRPR,SRZ,3
SBNR,KYNT,4
SBNR,APH,2
SBNR,RMSR,3
RGH,RXL,4
RGH,MSDH,8
TKP,LAP,6
LAP,MGAE,6
MGAE,SDI,6
SDI,BAA,2
MTND,KDRP,2
KDRP,BDKT,6
BDKT,RCTC,6
RCTC,BNHR,6
BNHR,GRKN,6
GRKN,JSRD,6
JSRD,RHMA,6
RHMA,BDBA,6
BDBA,BGDA,2
BDBA,PRDP,2
BGDA,PRDP,1
SURI,CPLE,19
CPLE,DUJ,20
DUJ,PCR,20
PCR,BMGA,20
BMGA,PAW,20
PAW,UKA,20
UKA,KJME,20
FKA,TQL,1
TQL,LDK,2
LDK,BVW,2
BVW,JBD,2
JBD,JWN,2
JWN,GHS,2
GHS,KRSW,2
KRSW,JTH,2
JTH,DODH,2
DODH,KIQ,2
KIQ,FZP,2
VEN,KRMI,48
KRMI,THVM,48
THVM,PERN,48
PERN,MADR,48
MADR,SWV,47
SWV,ZARP,48
ZARP,KUDL,50
KUDL,SNDD,50
SNDD,KKW,50
KKW,NAN,50
NAN,VBW,50
VBW,RAJP,50
RAJP,VID,50
VID,ADVI,50
ADVI,NIV,50
NIV,RN,50
RN,BOKE,51
BOKE,UKC,52
UKC,SGR,52
SGR,AVRD,52
AVRD,SVX,52
SVX,KMAH,52
KMAH,CHI,52
CHI,ANO,52
ANO,KHED,52
KHED,DWV,52
DWV,VINH,52
VINH,KFD,52
KFD,SAPE,52
SAPE,VEER,52
VEER,GNO,52
GNO,MNI,52
MNI,INP,52
INP,KOL,52
KOL,ROHA,52
ROHA,NIDI,52
NIDI,NGTN,52
NGTN,KASU,52
KASU,PEN,51
KASU,APTA,1
PEN,APTA,45
PEN,RSYI,2
PEN,HMRR,4
APTA,RSYI,50
APTA,HMRR,4
RSYI,SMNE,52
SMNE,PNVL,52
PNVL,KLMC,47
PNVL,KLMG,1
KLMC,NVRD,47
NVRD,TPND,49
NVRD,KLMG,2
TPND,NIIJ,49
NIIJ,DTVL,49
VRH,RKSH,6
VKA,KNG,16
KNG,JNT,16
JNT,BAT,16
BAT,CHN,16
CHN,DHW,16
DHW,SOHL,16
SOHL,JHWR,16
JHWR,GSP,16
GSP,DNN,16
DNN,PMQ,16
PMQ,JK,16
JK,SRM,16
KEP,PRTN,3
KEP,KDHL,6
PRTN,BALI,2
KDHL,BILP,6
BILP,TWV,6
TWV,DB,6
DB,VAN,5
DB,CDD,1
JJJ,MGWD,2
MGWD,SQJ,2
SQJ,SNB,2
SNB,GSR,2
GSR,NSS,2
NSS,RHU,4
NSS,KYY,2
KYY,KHHJ,2
KHHJ,BXB,2
BXB,MXP,2
MXP,BHM,2
BHM,KASH,2
KASH,MYE,2
JYG,KRHA,1
SKGH,LUSA,18
LUSA,KHRY,18
LUSA,RBGJ,1
KHRY,RBGJ,18
RBGJ,CUK,18
RBGJ,AGY,1
CUK,AGY,18
AGY,CPU,17
CPU,BXLL,33
CPU,RNQ,1
CPU,OBR,1
BXLL,RNQ,20
BXLL,OBR,18
RNQ,JRQ,19
RNQ,DXN,2
JRQ,DXN,19
DXN,MXY,21
MXY,WDM,21
WDM,NUQ,19
NUQ,RMF,19
RMF,MQX,21
MQX,GHQ,21
GBX,PKF,4
GBX,KRRA,2
GBX,BKPR,2
PKF,BANO,6
PKF,BKPR,2
PKF,PKC,2
BANO,ORGA,4
BANO,NXN,4
BANO,MCZ,2
BANO,KNRN,2
ORGA,PBB,2
ORGA,NXN,4
VAN,AMLP,6
AMLP,SAK,5
AMLP,CCP,1
SAK,CCP,5
CCP,JJW,6
JJW,BDE,6
BDE,JBU,4
JBU,SSKL,4
SSKL,PAVI,4
PAVI,TJH,4
TJH,PQT,4
PQT,CTD,2
FRDH,DDNA,2
KCT,GNGL,2
VLR,VT,6
VLR,ARV,4
BBY,SAC,8
SAC,MLAR,8
MLAR,RAKL,16
RAKL,NNE,8
NNE,RYT,8
RYT,GOA,8
GOA,SCN,8
SCN,SONI,8
SONI,AXK,8
AXK,AAH,8
AAH,BIX,4
RMH,AMPR,19
AMPR,PGK,19
PGK,DBI,19
NAWN,MNSR,17
MNSR,SGRA,17
SGRA,DABN,17
DABN,BMK,17
BMK,MBY,17
MBY,PTRL,17
PTRL,BWB,17
BWB,SGF,17
SGF,GSW,17
BMBE,BOKR,14
BOKR,DVN,14
DVN,HDGR,14
HDGR,HEM,14
HEM,JXN,14
JXN,SHSK,14
SHSK,MHMB,14
MHMB,DHNR,14
DHNR,BHBK,14
BHBK,KNVT,14
KNVT,ABX,14
ABX,KSAE,14
KSAE,TLMG,14
TLMG,UMM,14
UMM,ADB,10
ADB,PMKT,4
ADB,LNT,2
PMKT,KAYR,2
PMKT,LNT,2
KAYR,WANI,6
KAYR,LNT,4
KDT,VPL,29
VPL,GPU,29
MCLA,RCA,3
BSGD,DPA,46
DPA,SNGN,46
SNGN,SAS,46
SAS,CKS,46
CKS,CHNN,46
CHNN,BNLW,46
BNLW,SRAS,46
SRAS,ISA,46
ISA,SURL,46
SURL,CKB,46
CKB,DPZ,46
CBP,NDY,1
NDY,VTE,2
VTE,AVT,2
AVT,DHL,2
DHL,DJL,3
DJL,TLS,4
FTD,LOD,8
FTD,OSRA,14
PJLE,MDVB,6
MDVB,MDLE,3
JBB,GRHM,6
GRHM,PCC,6
PCC,SDHR,2
PCC,VLDR,4
SDHR,GTWD,2
GTWD,KODR,1
ORC,BWR,22
BWR,NEW,22
NEW,TKA,21
NEW,MGRR,1
TKA,RNRD,22
TKA,MGRR,1
RNRD,MRPR,22
MRPR,RORA,22
RORA,HPP,22
HPP,GTI,22
GTI,BTX,22
BTX,KLAR,22
KLAR,CRC,22
CIK,IK,33
IK,NHB,33
HK,PPEA,33
PPEA,NBI,33
NBI,TBL,33
TBL,KL,33
KL,DTF,33
DTF,GOS,33
GOS,MURD,33
MURD,BUDA,33
BUDA,KPO,33
KPO,BJRA,33
BJRA,BW,33
BW,SHGN,33
RMJK,UHP,6
RMJK,MNWL,12
MNWL,SGRR,12
SGRR,BLA,12
BBJ,NPR,4
BXQ,LPG,30
LPG,RGL,30
RGL,SSN,18
SSN,SBPY,8
HKG,GBQ,32
GBQ,ATS,32
ATS,BRGA,32
BRGA,BRPL,30
BRGA,DJX,1
BRGA,BLGR,1
BRPL,DJX,30
DJX,KHPL,31
KHPL,LSX,31
LSX,BNRD,31
BNRD,BLGR,30
BLGR,DFR,30
DFR,SFC,30
SFC,BUDM,30
BUDM,SFK,30
OBR,PPKD,18
OBR,MWF,1
PPKD,MWF,18
MWF,KDRD,18
MWF,MCQ,1
KDRD,MCQ,18
MCQ,KRLR,19
KRLR,SGRL,15
SGRL,MHDA,7
SGRL,BRGW,1
SGRL,ANPR,4
MHDA,BRGW,6
MHDA,GNDI,1
BRGW,DRGM,5
BRGW,GAJB,1
BRGW,MZHL,2
BRGW,GNDI,1
DRGM,GAJB,7
DRGM,MZHL,2
GAJB,SGAM,8
SGAM,SSGJ,7
SGAM,BSDL,1
SSGJ,BSDL,7
BSDL,NWB,8
NWB,SKBR,7
NWB,MWJ,1
SKBR,MWJ,7
MWJ,JOBA,8
JOBA,KNC,6
JOBA,BARD,2
KNC,BARD,6
BARD,BEHR,8
BEHR,CTJ,8
CTJ,BBAR,4
CTJ,VST,4
BBAR,VST,4
VST,DMYA,7
VST,MFQ,1
DMYA,MFQ,7
MFQ,KHBJ,8
KHBJ,PWK,7
KHBJ,SLHA,1
PWK,SLHA,7
SLHA,LEK,4
SLHA,KTKD,4
LEK,KTKD,4
BHUJ,KEMA,6
KEMA,RUT,12
RUT,AJE,12
AJE,AI,12
AI,GIMB,12
GIMB,BMSB,19
BMSB,BCOB,24
BMSB,VONB,1
BCOB,VONB,25
VONB,SIOB,26
SIOB,MALB,18
SIOB,LKZ,8
MALB,DVY,16
MALB,DAC,2
DVY,HVD,16
HVD,DHG,16
DHG,JTX,16
JTX,BAJN,16
BAJN,JN,16
LPH,SWR,50
SWR,TUX,50
TUX,GOL,50
GOL,MXW,50
MXW,DRWN,46
MXW,PST,4
DRWN,PST,41
DRWN,MOU,5
PST,MOU,45
MOU,JRA,50
JRA,BUL,50
BUL,BZR,50
PPO,KLG,73
KLG,KXN,73
KXN,GP,73
GP,SXN,73
SXN,SOGR,73
SOGR,GPH,73
GPH,TGM,73
TGM,BMB,73
BMB,DIH,73
DIH,BEH,73
BEH,PNPL,73
PNPL,DTV,73
CMJ,AP,14
AP,KDO,14
KDO,TXM,14
TXM,SJPM,14
SJPM,NTW,12
NTW,CGHD,10
CGHD,NBU,10
NBU,BDV,10
BDV,KVE,10
KVE,KRNU,10
KRNU,BDGP,10
BDGP,CMNR,5
MHV,MQZ,4
MQZ,AVL,8
AVL,SJF,8
SJF,DGJ,8
DGJ,RLA,8
RLA,VVV,6
RLA,RJU,1
BUP,RPUR,68
BUP,KPRD,9
RPUR,GNNA,43
RPUR,KPRD,1
GNNA,SGG,49
GNNA,NAT,2
GNNA,KRPA,6
GNNA,KPRD,2
SGG,AKN,15
SGG,NAT,29
SGG,MVV,7
SGG,KPRD,2
AKN,NAT,6
AKN,MVV,7
AKN,MPY,8
PTP,KKD,10
KKD,CRL,10
CRL,MKT,10
MKT,BWW,10
BWW,OM,10
OM,SWD,10
SWD,NKR,10
NKR,KTKH,10
KTKH,ATR,10
ATR,ANI,10
MRDD,GUX,8
GUX,AMX,8
AMX,TTZ,8
TTZ,DBKA,8
DBKA,DGT,8
DGT,WND,8
WND,HKR,8
HKR,ABZ,8
ABZ,AKOT,8
AKOT,PTZ,8
PTZ,UGWE,8
MHP,TQR,9
TQR,KML,9
KML,MRTA,9
MRTA,DBLI,9
DBLI,JGA,9
JGA,CNX,9
CNX,JNR,9
JNR,AWPR,9
AWPR,BJT,9
BJT,PSZ,9
PSZ,BHSA,9
BHSA,SMI,7
SMI,RIGA,4
SMI,DUMR,1
RIGA,DAG,4
DAG,BGU,2
JUA,BSY,12
BSY,VNN,12
VNN,WRGN,12
WRGN,MAY,12
MAY,SPPR,12
SPPR,SAF,12
SAF,KJTW,12
PKM,KAY,10
KAY,MTP,5
PHY,SJER,2
DXD,CDSL,13
DXD,BON,1
CDSL,BON,13
BON,ATH,14
ATH,BJK,14
BJK,BAZ,14
BAZ,CJW,14
CJW,POR,3
CJW,ATRU,11
POR,ATRU,3
ATRU,SYL,14
SYL,KOLI,2
SYL,CAG,11
SYL,BLO,1
KOLI,CAG,2
CAG,BLO,13
BLO,MTPC,14
MTPC,DHR,14
DHR,CRKR,13
MHRL,VPH,2
VPH,KHTN,2
KHTN,LKQ,1
LOD,CNN,8
PQS,BLN,10
BLN,DHK,9
BLN,LKF,1
DHK,JDP,9
JDP,BGJT,9
BGJT,GIA,9
GIA,NRPR,9
NRPR,SPR,8
SPR,BDYP,3
SPR,SBGR,4
BDYP,KLKR,3
KLKR,CHT,3
CHT,PLF,3
PLF,GOF,3
GOF,BTPG,3
BTPG,TLX,3
TLX,CG,1
DDC,DGNR,3
DGNR,BBT,3
BBT,BRPK,3
BRPK,NBE,3
NBE,MMG,3
MMG,HHR,3
HHR,BT,3
BT,KBGH,1
LCH,BSKN,3
LCH,KTRD,3
BSKN,KTRD,3
KTRD,GLD,6
KTRD,BHAN,4
KTRD,DNPR,4
GLD,DTJ,6
DTJ,BKD,6
BKD,JKS,6
NAT,MPY,8
SEPR,MNDR,14
MNDR,CPS,14
CPS,ARH,12
CPS,HLDR,2
ARH,HLDR,12
HLDR,KJLU,14
KJLU,BJO,14
BJO,BSKR,14
SWX,DDK,3
KRSL,SKTN,2
KRSL,ANPR,4
EDD,TGL,32
TGL,MKR,32
MKR,MLGT,32
DUMK,JAMA,2
JAMA,BSKH,4
JAMA,MPUR,1
BSKH,CNPI,4
CNPI,GRMA,4
GRMA,MHUR,4
MHUR,DGHR,4
SNKR,RUI,15
RUI,SNTD,15
SNTD,BJE,14
BJE,SDMD,8
BJE,SBW,7
SDMD,PEH,2
SDMD,BCB,6
PEH,SDBH,2
SDBH,RKJE,10
SDBH,SNMY,8
CIV,ZPI,6
ZPI,VMU,6
VMU,PUMU,6
PUMU,BQU,6
BQU,POA,6
POA,RAL,3
DNWH,HIL,5
HIL,EKR,6
EKR,IPR,3
BNSR,SRZ,3
BME,JSA,3
LGH,KNSR,16
LGH,NAL,3
NAL,GJN,6
NAL,KNSR,1
GJN,KLYT,6
KLYT,DTRD,6
DTRD,NKRA,6
NKRA,SIRD,6
SIRD,BAF,6
BAF,MAAR,6
KALI,KXK,10
KXK,NRNR,5
KXK,CXA,5
NRNR,CXA,4
DTQ,SOE,2
DTQ,GIW,4
GIW,KJP,4
KJP,SEX,4
SEX,TKLN,4
TKLN,IKD,4
IKD,SPRA,4
SPRA,BIB,4
BIB,KAKN,4
KAKN,BJPR,4
BJPR,RMPH,4
RMPH,SBL,3
GLGT,MOBD,2
GLGT,NMGY,4
MOBD,RWH,2
MOBD,BLMR,2
MOBD,BBGN,2
RWH,BLMR,4
VKL,ZKV,2
BDWL,RJS,19
RJS,AS,19
AS,MHJ,19
MHJ,MLC,19
MLC,NTZ,19
NTZ,LKS,19
LKS,DLC,19
DLC,DHRR,19
DHRR,JDL,19
JDL,JMS,19
JMS,KNSR,19
OSRA,GPX,14
GPX,PJH,14
PJH,BNG,14
BNG,RNJ,14
RNJ,NGW,14
OTD,RAH,6
RAH,JBS,6
JBS,GVH,6
GVH,BINR,6
BINR,BEDM,6
BEDM,DEEG,6
DEEG,GDO,6
NPS,SDF,4
SDF,BS,4
BS,SDGH,4
SDGH,BIGA,4
BIGA,BGRM,4
BGRM,RJR,4
PCO,SDNR,10
SDNR,TTQ,10
TTQ,SVV,10
SVV,AWT,10
AWT,NZT,10
NZT,KCHV,10
KCHV,KZB,10
KZB,ANY,10
ANY,KZY,10
KZY,TCN,5
GDBR,JHMR,5
JHMR,HNSL,5
HNSL,LTMD,5
LTMD,TUL,5
TUL,SSIA,5
SSIA,TRAN,5
TRAN,ILO,5
MKHI,BRDV,4
BHHZ,NOLI,16
NOLI,NTG,16
NTG,GTRA,16
GTRA,FAP,16
FAP,KEX,16
KEX,SFA,16
SFA,AHQ,16
AHQ,BPM,16
BPM,SUJR,16
SUJR,BADK,10
SUJR,AIH,6
BADK,BTU,16
BADK,AIH,6
BTU,BAOL,16
BAOL,KPKI,16
KPKI,BDHP,16
BDHP,AILM,16
AILM,KQL,15
AILM,SMQL,1
KQL,KZI,15
KZI,GLBN,15
GLBN,SMQL,12
DKBJ,NDH,18
NDH,BHG,18
BHG,COM,18
COM,LHW,18
LHW,GND,18
GND,COD,18
COD,RGS,18
RGS,SNTH,16
RGS,SMPR,8
RGS,KMNP,8
RGS,PLSN,2
SNTH,BOTI,16
BOTI,PLSN,16
PLSN,RNIS,16
PLSN,SIKR,2
RNIS,GIO,16
GIO,SIKR,16
SIKR,JDD,12
SIKR,RDK,8
JDD,NWH,12
NWH,BWPL,12
BWPL,DOB,12
DOB,NUA,12
NUA,JJN,12
JJN,RSH,12
RSH,CRWA,11
RSH,SRGH,1
CRWA,SRGH,11
BALI,PDRA,4
HLX,SQF,10
SQF,BHZ,6
BHZ,CNE,6
CNE,DCA,6
DCA,BXK,6
BXK,DTC,6
DTC,JTG,6
JTG,MXR,4
JTG,MGE,2
MXR,DJA,8
MXR,MGE,2
DJA,WDA,8
WDA,MBG,8
MBG,KQI,8
KQI,MUPA,8
MUPA,DKE,8
DKE,LGT,8
LGT,HTL,8
HTL,MYD,8
BFJ,JMD,7
JMD,RM,7
RM,MWK,7
MWK,SHF,7
SHF,BRVR,7
BRVR,MHAD,7
MHAD,DHI,3
KNAD,MDHA,8
MDHA,PIT,3
KDI,RUR,18
RUR,VJK,18
VJK,CDA,18
CDA,LM,18
LM,WC,18
WC,JVN,18
JVN,SRGT,18
AJM,GNC,9
TORA,BILK,4
BILK,JCN,4
VLDR,JVL,4
JVL,HRM,4
HRM,GEG,4
GEG,UNA,4
UNA,DVA,2
SZN,SZP,5
SZN,DOT,8
SZN,NOH,2
DOT,NOH,8
NOH,VZPH,10
VZPH,ZNP,10
ZNP,CKSR,4
ZNP,MIW,6
CKSR,MIW,4
MIW,BSUR,10
BSUR,BFPA,3
BSUR,SNZ,7
BFPA,PUF,7
BFPA,SNZ,7
GKA,MRJD,6
MRJD,STF,6
STF,RXL,3
MCF,RIM,3
RDV,UBN,6
NXN,BGKA,2
SQQ,CBT,16
CBT,BDPG,16
BDPG,GJTA,16
GJTA,MZY,16
RXL,MSDH,6
DAVJ,KWJ,7
DAVJ,PJA,1
KWJ,KXH,8
KWJ,PJA,1
KXH,RCF,8
RCF,HSQ,7
RCF,SQR,1
HSQ,PJA,6
HSQ,DDY,1
PJA,DDY,6
DDY,SQR,7
SQR,LNK,8
LNK,GOD,10
LNK,SDZ,2
LNK,KGKD,1
GOD,JGW,10
JGW,MXH,10
MXH,BWF,10
BWF,MWX,10
MWX,TSS,10
TSS,MFM,10
BCB,JBO,6
JBO,VAA,6
VAA,KRKN,4
VAA,LYD,2
KRKN,LYD,4
LYD,TSAH,6
TSAH,MLQ,6
MLQ,MHQ,6
MHQ,KHRI,4
MHQ,TLE,7
KHRI,KNF,3
KNF,KARO,1
VKG,TUWA,4
TUWA,TBA,4
TBA,SVL,4
SVL,AGCI,4
AGCI,TAS,4
TAS,DK,4
DK,UMH,4
UMH,OD,4
OD,BAJ,4
BAJ,SNA,4
JA,DAS,4
DAS,DME,6
DME,PCT,6
PCT,HTGR,6
HTGR,LMO,6
LMO,JIR,6
JIR,SVKD,6
SVKD,BDHA,6
BDHA,GKD,6
GKD,VJD,6
VJD,VVV,6
THE,HTW,5
BPO,KCV,2
KCV,BTQ,4
BTQ,JOL,4
JOL,JRG,4
JRG,TKH,4
KORI,KUND,8
KUND,KTWS,8
KTWS,AEL,8
AEL,MBV,8
MBV,NNL,8
NNL,APJ,8
APJ,NIP,8
NIP,DBLA,6
NIP,JLLO,2
DBLA,JLLO,6
JLLO,MADA,8
MADA,NMK,8
NMK,BAGA,8
BAGA,KAWT,8
KAWT,KHRA,8
KHRA,SMPR,8
KMNP,BDHL,8
BDHL,PCMK,8
PCMK,RNW,8
RNW,MNHA,8
MNHA,BILA,8
BILA,SFE,8
SFE,KNDL,8
KNDL,PKBS,8
AWG,ETAH,2
AWG,KWW,4
KWW,JSC,4
JSC,SWW,4
SBL,PPCK,3
SBL,SYF,1
PPCK,SYF,4
SYF,KQS,6
KQS,BHAT,6
BHAT,SKU,6
SKU,JPO,6
JPO,THR,6
THR,SMV,6
SMV,ABE,6
ABE,BMZ,6
BMZ,MIAL,6
MIAL,MTJL,6
MTJL,GOPA,6
GOPA,GWO,6
DBRG,DMGN,3
CTA,BNHL,4
RXW,SRDR,3
HZR,GLH,12
GLH,CHWT,12
CHWT,BARL,12
BARL,BSC,11
BSC,MOM,9
MOM,KJY,9
KADI,BHAN,4
DNPR,RTJ,4
RTJ,DHLI,4
DHLI,BHRJ,4
BHRJ,KVH,4
KVH,CSMA,4
BGQ,MNQ,2
BGQ,MOTA,1
BGQ,MPUE,4
BGQ,TKRU,3
MNQ,MPUE,4
MNQ,TNUE,4
JSA,BBC,4
BBC,RMX,4
RMX,GGY,4
GGY,GDD,4
GDD,JSD,4
JSD,MBF,2
TLE,SBW,7
KURJ,RJAK,3
RJAK,SPDM,1
KDBM,VAE,2
VAE,KADR,4
KADR,IDAR,4
IDAR,JADR,4
JADR,MHDP,4
JUJA,CHAR,12
JUJA,HATB,10
NGWN,BSPN,6
BSPN,FGSB,6
SKHK,AUI,4
AUI,SKEN,4
AUI,BAKT,2
SKEN,BAKT,4
BAKT,RBN,6
RBN,BHGJ,3
RSMN,PNUG,3
CKMI,TNRI,2
SONH,KRON,2
IAM,NZP,3
BBHT,NERH,3
NERH,WW,2
NYM,OREH,3
SMQL,SLWR,11
SLWR,HIND,12
HIND,THBN,12
THBN,TBTN,28
TBTN,NNX,12
NNX,SNAP,12
SNAP,RPMN,12
RPMN,BNQL,12
BNQL,MNZ,12
SNMY,SNDT,4
SVC,ALS,11
ALS,HTW,11
HTW,PLWR,1
SDAM,TSF,11
TSF,PPE,11
PPE,MGPA,10
PPE,MMB,1
MGPA,MMB,10
MMB,BBPR,10
MMB,SYU,1
BBPR,SYU,10
SYU,BVN,10
SYU,SKLP,1
BVN,SCC,2
BVN,RAMR,9
BVN,SKLP,1
SCC,PSN,3
SCC,TKUR,1
PQD,SAJH,2
SAJH,KUQ,2
KUQ,MIYN,2
NMGY,KUTI,4
KUTI,BLPR,4
BLPR,RNGG,4
RNGG,BBGN,4
BBGN,BLMR,2
RAMR,PSN,9
PSN,TKUR,1
BNHL,BAHI,4
BAHI,CHKE,4
CHKE,THKU,4
THKU,BOMN,4
BOMN,MOMU,4
MOMU,RDG,4
RDG,SLM,4
SLM,OBM,4
NDT,BJN,4
BJN,KDL,4
KDL,KXA,4
KXA,LSG,4
LSG,CBG,4
CBG,KUTL,4
KUTL,DJKR,4
DJKR,DOHM,4
DOHM,KBK,4
KBK,GGO,4
GGO,FLD,4
FLD,MRWS,4
SN,RTG,1
RTG,TDH,1
TDH,MHN,1
SHTS,SRMP,1
SRMP,HZN,2
HZN,SPB,1
KSBP,SSPH,4
SSPH,MSDL,4
MSDL,BRDB,4
BRDB,BYSA,4
BYSA,DZK,4
DZK,DZKT,4
DZKT,BAAR,4
BAAR,HLZ,2
CHSM,MLYR,7
CHSM,SRVT,4
MLYR,TVS,7
TVS,ATU,7
ATU,ETP,3
ATU,PDKM,4
ETP,VGE,7
ETP,PDKM,4
VGE,APN,3
VGE,MPLI,4
APN,SLME,7
APN,MPLI,4
SLME,SXT,7
SXT,SAMT,7
MCRD,MTDM,2
MCRD,TOS,2
HLD,OND,1
OND,RRP,1
RRP,KIJ,1
KIJ,CHHU,1
DH,GURN,1
GURN,BSD,2
BSD,NTA,2
NTA,D,2
D,SNU,2
SNU,BHPA,2
BHPA,MGT,2
MGT,UTN,2
UTN,DMU,2
DMU,HT,2
HT,DKDP,2
DKDP,KYP,2
KYP,BRP,2
BRP,MAK,4
BRP,SSRD,2
MAK,SBGR,4
LKZ,COE,8
COE,AAR,8
AAR,PFL,8
PFL,SNLR,8
SNLR,VRX,8
VRX,RDHP,8
RDHP,BAH,8
BAH,DEOR,8
SINR,MLSR,1
DCU,VLV,4
VLV,MPT,4
MPT,PCL,4
PCL,PIL,4
PIL,KCI,4
KCI,VLD,4
VLD,MPL,4
MPL,KBA,4
KBA,TAT,4
TAT,BTM,4
BTM,MCU,4
MCU,TKU,4
TKU,NCU,4
NCU,KRY,4
KRY,KCM,4
KCM,MGB,4
MGB,RLX,4
RLX,CCI,4
KPRD,KRPA,6
MVW,SUP,1
SUP,SLPM,1
SLPM,TXD,1
TXD,CMDP,1
CMDP,BGHU,1
BGHU,KVLS,1
KVLS,SMLG,1
SMLG,ARK,1
ARK,GPJ,1
GPJ,DPC,1
DPC,PFU,1
PFU,BHJA,1
BHJA,MKRD,1
MKRD,PBV,1
PBV,SUKU,1
SUKU,KRPU,1
KRPU,MVF,4
MVF,JRT,4
JRT,MVG,4
MVG,CTS,4
CTS,JYP,4
JYP,DIR,4
DIR,KDPA,4
KDPA,CJS,4
CJS,KPRR,4
KPRR,AGB,4
AGB,AGZ,4
AGZ,NKX,4
NKX,JDB,3
JDB,TPQ,2
TPQ,BDXX,2
BDXX,DMK,2
DMK,SZY,2
SZY,KMSD,2
KMSD,KKLU,2
KKLU,KWGN,2
KWGN,DBF,2
DBF,GIZ,2
GIZ,DWZ,2
DWZ,KMLR,2
KMLR,BHNS,2
BHNS,BCHL,2
SDZ,MLKH,4
SDZ,KGKD,2
MLKH,MQS,4
MQS,GNZ,4
GNZ,NRO,4
NRO,NRM,2
NRO,SWG,2
NRM,SWG,2
NRM,GTQ,2
ALGP,HKD,2
HKD,MNCR,2
MNCR,LLBR,2
LLBR,KLCR,2
KLCR,MOAR,2
MOAR,JMRA,2
JMRA,BHRB,1
PUF,PTPR,3
GRD,JDPR,1
HATB,MANE,10
MANE,SBPY,9
BLRG,LOM,2
LOM,KRRA,2
PKC,KRKR,2
KRKR,MCZ,2
KNRN,TATI,2
TATI,PBB,2
SCT,TSI,4
TSI,KDNL,8
KDNL,PBKS,8
PBKS,SNKL,8
SNKL,RJPM,8
RJPM,SVPR,8
SVPR,SVKS,8
SVKS,TTL,8
SRVT,PRV,4
PRV,KKTI,4
KKTI,MKSP,4
DMGN,MRHT,5
DMGN,SRTN,1
MRHT,SRTN,5
PUY,RAHA,4
DRZ,KYS,2
KYS,BXA,4
BXA,LBO,4
LBO,SKSO,4
SKSO,GDZ,4
GDZ,RSA,4
RSA,MXA,4
CIA,KSA,2
KSA,ATT,1
ABW,BXT,1
ABW,NGTG,1
NGTG,FLM,1
FLM,DHH,1
DHH,VTG,1
VTG,DWT,1
DWT,COB,1
JMN,MZW,1
GBHA,CTHT,1
XSAD,BBE,1
SONW,BFX,1
DGNH,KSMB,1
GSDH,KRTR,1
MHLT,LCK,1
HHT,BGPA,4
ANC,SRVN,4
HAH,ARNH,4
ARNH,HPA,4
DOY,STE,4
STE,KLYH,4
SKND,BGPL,4
BGPL,TMKA,4
TMKA,TGRL,4
TGRL,SGDP,4
SGDP,CLDR,4
CLDR,HCNR,4
HCNR,NKW,4
NKW,STBJ,4
STBJ,BSTP,4
BSTP,NANR,4
NANR,KDJR,3
ARV,PRL,4
PRL,TNM,4
TNM,AND,4
AND,MMP,4
SSRD,KRXM,2
KRXM,DPDP,2
DPDP,SJPR,2
SJPR,GCN,2
GCN,HGA,2
HGA,DBT,2
DBT,BARU,2
BARU,JNM,2
JNM,MPRD,2
MPRD,MDBP,2
MDBP,LKPR,2
LKPR,URP,2
URP,KLW,2
KLW,NCPM,2
NCPM,NCP,2
NCP,KHGR,2
KHGR,KWDP,2
KWDP,UKLR,2
UKLR,NMKA,1
HNB,TKF,1
TKF,NMDR,1
NMDR,MPN,1
MPN,BSHT,1
BSHT,BBLA,1
BBLA,CQR,1
CQR,GGV,1
GGV,MPE,1
MPE,KMZA,1
KMZA,HRO,1
HRO,BSLA,1
BSLA,LBTL,1
LBTL,BGRD,1
BGRD,SXC,1
SXC,BHKA,1
BHKA,KBGH,1
SRDW,UGP,4
UGP,NBUE,4
NBUE,BBLK,4
BBLK,PKNA,4
PKNA,MOTA,4
MOTA,TKRU,3
TNUE,KOZ,4
KOZ,AON,1
KOZ,TKHA,3
AON,BUBT,4
AON,TKHA,3
BUB,MWR,10
MWR,RSWT,10
RSWT,QMRS,10
QMRS,FPS,10
FPS,LNH,10
LNH,RDK,10
BAA,GSGB,2
GNPR,PLSG,1
PLSG,BSDR,2
BSDR,LRI,2
LRI,KNGR,2
KNGR,HBF,2
HBF,SPRM,2
SPRM,PLH,2
PLH,PHM,2
PHM,GVA,2
GVA,TMB,2
TMB,PDSN,2
PDSN,TEK,2
APH,RMSR,2
GARA,RUSD,1
GARA,DUMR,1
BJMR,AHJU,4
AHJU,CTZ,4
CTZ,JDNX,2
GRZ,KIY,7
KIY,SJM,7
KIY,KLE,1
SJM,QTP,7
QTP,KLE,7
KLE,GXG,7
KLE,PHWR,1
GXG,TIK,7
TIK,PHWR,7
PHWR,PBJM,7
PHWR,TNDE,1
PBJM,PDS,7
PDS,TNDE,7
KESR,SRW,1
SRW,GJS,1
GJS,RSNR,1
LKF,TLG,1
TLG,NACC,1
NACC,MJT,1
MJT,BRJ,1
BRJ,SSP,1
SSP,AKRA,1
AKRA,NAI,1
BSPX,JRLI,1
JRLI,NYG,2
NYG,PRNR,2
PRNR,GADH,2
GADH,KDJR,2
BI,VBN,1
DAC,MVI,2
GTQ,BZG,2
BZG,PPB,2
GLE,PGP,2
SAZ,AMOD,1
CTL,LDU,4
LDU,KKV,4
KKV,KKK,4
KKK,VDV,4
VDV,VVD,4
VVD,JTP,4
BRLI,SRMT,2
BRLI,RNB,4
RNB,AGE,4
AGE,MHF,4
MHF,BARI,5
MHF,BED,2
BARI,SRTE,4
SRTE,GIS,4
GAJU,ASI,4
ASI,ATW,4
ATW,BEJ,4
BEJ,NM,4
NM,GHRI,4
GHRI,MSTH,4
MSTH,BRMX,4
BRMX,RAK,4
HSY,SHX,2
BED,BFG,2
BFG,TPO,1
DIU,MBO,1
DIU,DBZ,2
DBZ,BTDR,2
BTDR,BKS,2
BKS,DGX,2
DGX,JRX,2
JRX,TRBE,2
TRBE,RUP,2
RUP,HBN,2
KAW,PARH,2
UMG,NVL,4
NVL,VLU,4
VLU,KJPD,4
SVO,BLSD,2
HBE,FLU,2
FLU,BTKB,2
BTKB,STB,1
AMDI,DKU,1
RGLI,SPDM,1
KYA,XSAN,2
XSAN,RNTE,2
DBB,GUP,1
GUP,GKJ,2
GKJ,MTJR,2
MTJR,BSI,2
BSI,MONJ,1
BSI,TPK,1
MONJ,SPX,1
SPX,TPK,1
BHBR,PLWR,1
JO,LSD,2
